RegionID,SizeRank,RegionName,RegionType,StateName,2015-01-31,2015-02-28,2015-03-31,2015-04-30,2015-05-31,2015-06-30,2015-07-31,2015-08-31,2015-09-30,2015-10-31,2015-11-30,2015-12-31,2016-01-31,2016-02-29,2016-03-31,2016-04-30,2016-05-31,2016-06-30,2016-07-31,2016-08-31,2016-09-30,2016-10-31,2016-11-30,2016-12-31,2017-01-31,2017-02-28,2017-03-31,2017-04-30,2017-05-31,2017-06-30,2017-07-31,2017-08-31,2017-09-30,2017-10-31,2017-11-30,2017-12-31,2018-01-31,2018-02-28,2018-03-31,2018-04-30,2018-05-31,2018-06-30,2018-07-31,2018-08-31,2018-09-30,2018-10-31,2018-11-30,2018-12-31,2019-01-31,2019-02-28,2019-03-31,2019-04-30,2019-05-31,2019-06-30,2019-07-31,2019-08-31,2019-09-30,2019-10-31,2019-11-30,2019-12-31,2020-01-31,2020-02-29,2020-03-31,2020-04-30,2020-05-31,2020-06-30,2020-07-31,2020-08-31,2020-09-30,2020-10-31,2020-11-30,2020-12-31,2021-01-31,2021-02-28,2021-03-31,2021-04-30,2021-05-31,2021-06-30,2021-07-31,2021-08-31,2021-09-30,2021-10-31,2021-11-30,2021-12-31,2022-01-31,2022-02-28,2022-03-31,2022-04-30,2022-05-31,2022-06-30,2022-07-31,2022-08-31,2022-09-30,2022-10-31,2022-11-30,2022-12-31,2023-01-31,2023-02-28,2023-03-31,2023-04-30,2023-05-31,2023-06-30,2023-07-31,2023-08-31,2023-09-30,2023-10-31,2023-11-30,2023-12-31,2024-01-31,2024-02-29,2024-03-31,2024-04-30,2024-05-31,2024-06-30,2024-07-31,2024-08-31,2024-09-30,2024-10-31,2024-11-30,2024-12-31,2025-01-31,2025-02-28,2025-03-31,2025-04-30,2025-05-31,2025-06-30,2025-07-31,2025-08-31,2025-09-30,2025-10-31,2025-11-30,2025-12-31,2026-01-31,2026-02-28,2026-03-31
102001,0,United States,country,,1136.747271877584,1143.002519961801,1151.5660032685737,1160.2953305985982,1168.9046814771232,1176.3936889542747,1181.9479490751469,1185.4523066427255,1187.2956313159243,1187.6480965078342,1188.026633531519,1188.4411211680383,1191.4076953433396,1196.0648635327352,1201.930438025665,1209.6819497966785,1217.6567552884808,1225.6687753694705,1230.0269828155292,1232.045080637423,1231.7943972297492,1230.4562208581606,1229.2544992577234,1228.605412646819,1233.009333493094,1240.5395392095793,1251.7091515091097,1261.242338972538,1270.2581990820274,1277.1692615058269,1281.7333588838069,1283.1784793402037,1283.3688595683216,1281.7771021150188,1281.6196930021515,1282.4485191003034,1287.1291325662864,1294.321849409962,1303.5886435277082,1312.80924051709,1320.685564733399,1327.8958261166756,1332.9743961667482,1335.8917789584384,1335.0392080116708,1334.3731942053134,1335.0046764871224,1337.098151394013,1340.9979294607604,1346.770831349212,1356.7103158202458,1366.6128308416169,1376.2459053712068,1383.904720037866,1389.3464154691876,1392.018000669414,1391.525652918302,1389.973400964217,1388.8455186078954,1389.9991773834568,1394.873015284131,1402.7343696614148,1411.056812561153,1412.4590814489163,1412.393169246883,1413.3746056539917,1418.5984031580383,1420.0328856971062,1417.519350001727,1414.60384170284,1413.0489208491176,1415.0554936913445,1423.0668063011694,1435.097738037936,1450.2268389463052,1468.2620169057711,1492.2515454938466,1520.6084915447186,1550.163790409592,1577.6841400196054,1599.9247010101974,1613.816523750624,1622.995532299794,1631.9724277902546,1642.3803676335426,1656.7588070787492,1671.7413376018255,1691.272815738778,1711.2784921969696,1731.9728051872132,1749.0424335203445,1758.6499519353697,1760.5903509110503,1756.0242307134636,1750.1419518573407,1747.4736105013965,1749.4031004792882,1755.950212146927,1768.309871851744,1778.8997589505238,1790.6409021880486,1797.422801777552,1805.784689019644,1810.052343631955,1810.328270337608,1806.8184524179976,1801.6513849833864,1799.1777137089098,1802.1275233195545,1809.728920698124,1820.1422570399104,1830.7526095903104,1841.7791785717968,1851.4126450044769,1858.776590997637,1861.8774657172075,1861.6164161855197,1857.8238863897147,1854.3441446282957,1851.8900561874948,1855.917312284418,1864.0210194426916,1875.848731532796,1886.097550923061,1894.9182396576775,1901.444661778348,1905.0917626451471,1906.2366311458145,1904.9211380654024,1901.31048749997,1895.6366615747252,1891.1402585971923,1892.4399228056184,1899.5819783796048,1910.4249941685812
394913,1,"New York, NY",msa,NY,2184.191044002795,2198.930167827691,2217.824384867924,2236.403117933255,2250.771612676724,2265.7126839305406,2275.86248846199,2285.7171180481696,2289.743879551458,2288.166072197646,2278.9573642992455,2269.8149193925115,2267.113264842759,2271.617389300053,2280.1609371752456,2292.537603632949,2307.020074795814,2321.6897436060913,2334.0205502678764,2337.8469250616376,2338.492666475672,2331.079861380988,2326.8684095181015,2315.285671937811,2312.260814442751,2313.01346689759,2325.125515561916,2339.4604268657235,2356.7434044144006,2370.616358909734,2380.666386576865,2382.9816176005797,2381.196787940649,2368.1044741152355,2353.374578322163,2340.5883049566364,2339.391687361571,2346.165366284538,2359.4179832975024,2378.3065364259933,2396.212065023309,2412.9990833474867,2424.9509017615896,2433.6183601876287,2433.8088795137887,2425.41589853341,2415.031972267267,2405.438387378274,2404.910277008372,2414.009061152143,2429.3947427146395,2446.7991626091407,2466.429857418493,2487.4987457039533,2502.631903781967,2509.938683765286,2508.2326347029725,2503.5702876400733,2491.017925896673,2484.3086161219003,2483.983096131977,2497.0431613743713,2505.8847115530584,2499.8271351198464,2484.852209811127,2463.334905931705,2440.0384160321246,2395.6609894649337,2345.6240746086164,2305.283888772211,2274.7021578111194,2261.9404781344897,2261.2854141413127,2275.4653285048853,2296.2984034757123,2322.533629492445,2364.774141416232,2417.102265328092,2477.7956072773013,2535.9156157705715,2583.4052875806547,2615.964454249048,2637.427812601173,2656.959383583397,2680.9738168969307,2712.3279653663267,2749.3467733416855,2788.6282141359084,2837.374128552241,2889.0714695224938,2935.098595793367,2961.959121588373,2966.056087027521,2952.285455757427,2927.3169676968337,2908.8585236102554,2907.154341758599,2920.3175130529867,2946.1260906211915,2977.294005690572,3011.977527840984,3040.3489437555686,3061.054878441734,3070.64726082433,3069.9144263885196,3056.287912547409,3037.2661300318387,3025.3267425351883,3030.44858588326,3048.353654562324,3076.0596085669467,3103.660078534019,3133.6543545827785,3160.42067092917,3176.7280753036366,3182.426122281764,3173.302717747052,3160.469389423764,3151.3118623911673,3147.441201151001,3157.344655627282,3174.1694092777907,3202.101188402823,3230.8179018263822,3258.714118051075,3290.5396947488994,3320.7031160627967,3341.252885587229,3338.784221425158,3326.1537151194093,3305.460325230324,3293.3703847359957,3290.7768788690055,3308.0051123409803,3337.13988779536
753899,2,"Los Angeles, CA",msa,CA,1739.529368980063,1750.819968165413,1765.8835509866103,1780.75465635267,1795.5930174439277,1806.5962499636644,1819.2135194649843,1829.2001674402231,1839.2630762321735,1843.9942481541868,1848.8552933146025,1854.6406080384,1864.5749002937291,1874.8676399083483,1885.6939178529867,1895.9172535705577,1909.328689430679,1921.8714232079076,1933.95920986513,1939.970800858032,1945.0806964189903,1945.957737042782,1948.391043859934,1951.1370871187305,1964.673656064972,1980.837537448154,2002.5634158343732,2016.1700759217467,2029.6500557508164,2038.290830308528,2048.222395168335,2053.409963089244,2058.524025377967,2059.0124607164857,2063.220952192372,2067.588648467459,2078.474784824916,2090.6339037486055,2101.055753800422,2109.6212156338865,2117.155186141029,2128.8453519979807,2139.022280937977,2147.8336999361823,2151.5233352173964,2155.3687636346476,2160.7709495785725,2166.26125410207,2171.3980443423443,2175.1557116198937,2186.4885713236195,2197.0442237487196,2209.7012964140868,2218.844310837221,2227.19781904017,2232.571030338748,2235.485852832479,2237.0400321393513,2240.0256304526515,2243.94865117683,2251.497885235023,2256.31631330623,2256.313569978408,2245.110275346803,2235.869692338401,2231.448980261292,2233.6920445233163,2233.058399846557,2231.602318421453,2231.7393690271433,2233.2348952349316,2233.4451385480907,2243.659000660689,2254.7219010039857,2269.398874599048,2280.4003058360154,2299.256319754001,2332.752335355982,2376.433556495709,2426.9491994181635,2465.2621489522403,2489.898062677444,2504.0990006307757,2521.0070285703728,2539.9167684830077,2564.6862940368883,2589.0171331016004,2618.523591172076,2642.547177014981,2666.0641799145,2684.907786122247,2699.1890953619854,2704.509728368643,2699.770568326356,2694.3371471457835,2687.2988065105055,2686.753006927254,2691.0702967764587,2705.1779999721375,2715.3819899959153,2725.09746224138,2732.1498060449867,2745.029541408706,2754.968372893712,2757.9345939033096,2755.0150038968436,2745.7244153186293,2740.4859712827656,2744.2746874685213,2754.444101522289,2767.063861474777,2775.888908346433,2786.767356143398,2798.2136359422457,2810.204747429588,2816.771025952667,2820.981084399864,2817.8856612860727,2813.327281449682,2806.985258635027,2825.8374062028115,2847.7325858989425,2871.3437396936024,2873.0435142945253,2878.6342189190364,2884.341554869644,2888.500950287875,2890.075155720729,2889.810115512298,2886.7950633640294,2879.898972489488,2870.937038331127,2873.470853695023,2880.684895908335,2894.901157378155
394463,3,"Chicago, IL",msa,IL,1374.2561314945226,1381.5879114463528,1391.5463913833114,1401.0070232477783,1410.8266220428814,1420.4003712073,1424.8965166666055,1427.4874003872856,1422.327161596979,1415.2422287980332,1408.7476093923894,1409.357040465613,1417.5849983859623,1426.8317583770354,1438.114242367341,1445.5810431924049,1454.2256385727076,1461.5360887156214,1467.6120620179204,1470.7384189894444,1464.0796215885812,1454.6436796968635,1443.2061041031775,1437.675303320064,1443.5322862822925,1457.053697802873,1475.5370984143913,1489.0134931658272,1500.5132288179725,1506.4871624138389,1508.2311752817473,1503.6830474568444,1497.928029759583,1487.1731921470875,1480.6517773480257,1478.257115742245,1486.623430669735,1498.0514511316976,1510.8281008011895,1521.855412584296,1532.0239533730207,1541.115902423997,1545.4046028550474,1542.7124045835196,1532.0613029470014,1520.7934481195623,1514.4106060760516,1515.4001313861068,1524.1011371727077,1534.194578803434,1550.0457970709483,1563.5673822277524,1576.139962449633,1582.930515303899,1585.49095087141,1584.5702170805791,1579.3322738779375,1572.625967902025,1565.632374143988,1560.8333490103405,1569.632507068119,1581.5137936081007,1596.7163423392087,1597.8527974000804,1597.3067709565348,1595.001787824529,1594.6852415231845,1589.402805327138,1575.1415360305562,1554.834639925081,1538.439240847426,1532.2732185616524,1535.797325465305,1546.7267281726524,1562.895717919316,1587.3098243607506,1613.2847759263086,1638.0948946958017,1656.890405699491,1669.4171599596264,1676.8215038626215,1676.144518799235,1676.8008842723618,1682.2196874628562,1695.6437615707268,1711.2462130917295,1730.9752659229923,1754.8068116128327,1780.2229505800324,1800.3199077592628,1815.881886412015,1823.207219922823,1824.3304640996032,1819.984662468488,1814.9083357432369,1815.586971546502,1823.0134609745508,1837.7394373290076,1855.814873597493,1874.599063492472,1895.58744647617,1912.9709062212437,1924.9042415701117,1930.9728303050083,1927.645064559228,1920.2788836411728,1913.3295101117633,1915.547799175782,1924.9934058615352,1940.0197483576208,1955.3326044782784,1974.5619747463304,1991.3663212608776,2007.633583906539,2016.9813831807703,2020.73010022652,2019.4721244279672,2017.4486888504512,2016.3935651325955,2019.368079793736,2027.9629409975096,2045.120918426774,2064.9745603312463,2087.2061937350168,2107.4256074532595,2126.6640043578245,2137.955169924122,2142.0521742458764,2140.2039005698166,2134.356114675272,2129.1213441390823,2127.09717943636,2138.409167834363,2157.030612874318,2179.817593148377
394514,4,"Dallas, TX",msa,TX,1049.2203076276114,1053.9616151086575,1061.3393340945904,1072.453105560904,1081.6578817942177,1089.6969560630453,1095.980869791558,1099.104702351091,1100.314901868848,1099.7414591088047,1100.56556933744,1102.310675078804,1104.3806458240138,1110.1075831228395,1117.9743952442896,1128.2599976973547,1136.487869557876,1143.562546357573,1148.0565083769618,1150.922251623283,1150.899207157677,1151.799460378695,1151.2903895246363,1152.0514562916726,1157.057566081752,1163.1223284219282,1175.2203906940365,1183.7982373577909,1195.9138806013686,1202.096327361641,1206.6118464059175,1207.6999796871442,1206.812719627311,1204.818168902324,1206.523959277475,1206.908918158873,1211.0719536295608,1216.7577100117223,1223.8458561030332,1231.5422567869462,1236.5122444025958,1244.2897562966923,1247.7684992051022,1248.588553589772,1245.608043726542,1248.243358518841,1249.6897864343907,1252.7096315269491,1254.244107990918,1258.375633240393,1268.40891945626,1277.1698476386034,1285.6815111488982,1292.1743403897724,1294.819324492733,1296.459855684166,1295.163024946704,1295.0948669162235,1293.461441240507,1290.8375729281404,1292.5907641239294,1298.2386077623885,1306.112547285492,1307.337982766885,1307.2805779781013,1308.1671019868063,1311.9175106896932,1315.4118959441164,1317.0650209431285,1319.3079507171244,1320.212795443192,1323.6754105146529,1331.5849258612814,1343.1722931789752,1355.2165659957018,1372.361764634548,1395.304466501074,1426.4885713811743,1458.0422224318847,1487.9915702150215,1509.5666169679696,1522.7570413604865,1532.687660147887,1542.0409913380302,1553.167442781766,1565.1516957292015,1578.1862066601109,1596.3801045279029,1617.6764023908663,1644.6554282622285,1664.2515214077462,1671.086636596135,1665.3698707952296,1651.4853420004367,1641.3723524276224,1633.8748786230294,1633.5528732340806,1636.1623753214478,1647.1506680436655,1651.7272363657055,1659.3768159768438,1661.0452141904182,1667.919750790351,1667.844610714449,1663.5284217091928,1654.9673632435654,1647.0275441949498,1638.4483773464735,1635.067902072543,1634.2202564274305,1638.2640693988767,1643.6574219904612,1650.284997014996,1656.6954523291586,1660.393745966319,1660.542187577586,1654.8409568911047,1648.0083456056082,1638.8569638921467,1631.8471190638545,1629.563653810484,1634.9840961343548,1645.967036014605,1656.9598871333162,1663.0139745548547,1665.1288786288742,1663.359462520659,1659.9293363104518,1654.7476578219168,1648.2484831395227,1641.725612034529,1635.817920756564,1633.5927065522744,1637.2843206176308,1644.5378592547602
394692,5,"Houston, TX",msa,TX,1188.1813843857717,1191.6585309982806,1198.105836885249,1208.9350659416991,1218.2144151279738,1226.356061232189,1227.580082380864,1228.6128373690642,1226.3284975183508,1223.4026828100011,1219.8840874824016,1216.8500809728127,1217.255759662499,1219.1574234328814,1224.5150573994422,1229.0077475585963,1232.2029917141317,1233.8814972861976,1233.0782376413852,1230.486658047544,1224.972009532201,1221.1366760993658,1215.6523289330091,1213.6344397610333,1214.4968500745097,1222.290499097074,1230.400875649055,1235.7734819410036,1243.3142492064153,1244.8888419046332,1245.0220301486106,1239.9730885393906,1246.9119785380624,1254.660156554607,1264.9704045579272,1269.7726005727138,1272.848647012438,1279.1668571616567,1281.4485740959635,1288.3231927109218,1290.505144310449,1295.2388282060238,1295.1206616909035,1293.425529720568,1289.9814547779156,1290.1662452874775,1292.531522211017,1292.165798325498,1292.543243388699,1290.9327044836891,1297.770708914942,1303.203992164648,1312.0770362356825,1317.685588407011,1321.1525908935148,1320.4049119318652,1317.2624937638811,1316.030552290702,1315.8755158475144,1319.0436083687548,1322.0150209935618,1327.626457698433,1332.9609670059533,1330.1685266680013,1324.6776621512338,1320.7535749187807,1325.0608099726726,1330.318443080126,1330.4178813139154,1332.0146850754795,1333.1233638420888,1333.7638645369934,1338.0068060631595,1340.5768774092508,1350.1121940046437,1362.1461409696144,1382.756866460415,1408.9268964281332,1433.7006075651132,1456.5074425923835,1468.714535775808,1475.2809224638615,1477.8195271241573,1481.7715437345466,1487.5287371151833,1497.8254059634594,1508.5266766231273,1522.231483491621,1533.740542466052,1548.8813549212198,1559.8876442333335,1566.1612740700564,1563.2781975372443,1557.2531195739805,1549.4193879570894,1547.0414824234508,1549.2172242895244,1557.2517440111226,1568.8968146998031,1575.5729853998328,1584.448851274309,1591.2957103882777,1597.8145037008512,1598.8055403210103,1593.6203178547923,1587.974063895288,1582.0924674648502,1580.4148243565164,1581.7573846267967,1586.307835269256,1590.4211767331008,1598.2310104589335,1606.6583844556003,1615.2871924699416,1619.6899263530513,1622.5403913239509,1622.705778148592,1620.4674057474265,1615.0289614361004,1611.5588965958184,1610.9697670102196,1615.259410472417,1623.7936033613594,1630.070527168583,1633.6471344131592,1628.4616103197156,1629.9935531492545,1628.884269130159,1630.152641873627,1624.0419462372868,1617.272771663087,1612.615652953136,1610.2994398092324,1608.7243682985436,1609.765182409726
395209,6,"Washington, DC",msa,VA,1667.7139756081967,1674.8091469739777,1686.4404074978252,1694.5454426469744,1702.946726899088,1709.5149264329605,1713.6239993328209,1711.2758929981587,1710.75019650458,1706.053716067223,1705.5665438251517,1700.523620080108,1704.115549638242,1708.0099725325658,1717.201083801401,1724.16094484441,1731.8790828784342,1737.9660940197236,1742.3467163793418,1744.0838077334658,1740.1964403996526,1734.7987329997777,1729.1398696649132,1726.8278591706369,1732.025981245938,1744.0354128390952,1757.2271840501885,1768.258169648566,1774.6645972178137,1782.1139825094513,1784.6985618385472,1784.424282482738,1782.113864554968,1777.6701310157723,1773.0689222979809,1769.9944322758429,1773.6013738892675,1779.9883488037349,1791.912816978448,1803.0347956225623,1813.6752804856776,1821.9727995350015,1827.161311585536,1831.846843664272,1826.7108221888316,1824.4904249453823,1823.8319573762544,1829.226757156452,1833.9065096706283,1841.399561217131,1851.8767678017869,1863.159114996562,1873.3355170403129,1880.9418725201708,1885.7859325906295,1886.8769764558824,1887.0155173787964,1881.796737000249,1876.234918780363,1876.4336262614415,1884.2071153865477,1892.699780271763,1903.0839135699168,1903.402577333086,1902.556859167288,1896.628045247841,1895.562356043795,1891.6118950647976,1878.9933481490668,1861.788956959918,1842.2297255297487,1831.0310059841424,1833.6825361006547,1842.2264853950085,1853.2466792913888,1867.7078125287223,1894.6041579451512,1931.7285967646144,1968.0076527030433,1998.292746122338,2016.3927839178568,2026.047488107225,2026.6644536990584,2026.1321872266776,2028.040500739074,2039.1630700770777,2057.193107163756,2080.72628905691,2105.7086690475635,2131.207708929502,2155.051327910471,2166.163959911822,2166.241733879804,2150.082393833804,2133.954543650194,2120.644253298911,2122.292080767344,2134.357297417153,2158.63373431413,2174.2283842374245,2192.0531448635384,2203.1100299256145,2219.633251420808,2229.0834423740976,2230.7802774396214,2226.640352328015,2218.235137405689,2211.123623467283,2214.3069422048557,2228.334454624398,2248.5900460399034,2267.9706797397644,2288.0897553507257,2308.2656545052178,2324.3007786328417,2330.985714865357,2328.633890419093,2319.376265291332,2309.3688683244172,2303.034671811364,2311.4061506446565,2327.6113154724744,2349.4539706541805,2363.02348655472,2371.67671564395,2376.2349469394035,2375.412319535949,2371.319840987998,2361.075163849046,2347.3977713978543,2331.0519027294044,2320.124567399474,2321.3172854546674,2332.46908880089,2346.928710141152
394974,7,"Philadelphia, PA",msa,PA,1181.7788214597176,1188.6276446681395,1201.0253066358616,1207.4961872944482,1213.4269375246115,1216.495401852481,1218.8075425313905,1219.1463521603584,1218.1912716566842,1216.9345305539478,1213.268217433038,1210.5763870380977,1211.832090094259,1219.5996916542397,1228.736674792149,1237.8669696159589,1244.390985863332,1251.612417468487,1252.649203419816,1252.5620874141923,1248.861867567408,1247.372723587494,1248.6042581288912,1249.6027236792374,1254.1483924211334,1260.5526909717878,1271.6794153278777,1280.3749757227529,1285.8778344909815,1286.9930032560464,1287.4982046553391,1287.208528568252,1286.4851640101472,1286.1537009072665,1285.413006705394,1287.7710190590285,1290.5498435148572,1299.027053082592,1310.2252133952577,1320.0093150423445,1328.1130511404394,1331.5533190468057,1332.4635037747134,1331.0849819837051,1328.9993108030433,1330.4630056169178,1334.0752799301097,1335.3914241911157,1339.855400697608,1346.1144882566905,1359.51496778019,1370.7490514415174,1378.1214752984815,1385.5484060286158,1389.076754551367,1389.0605432424363,1385.242937171751,1383.689601123076,1383.648670273682,1385.6027340097485,1389.0987780420212,1400.2313695919568,1412.2084503729068,1417.5843224314558,1418.7392428777928,1419.9365014582747,1425.3931971325012,1425.1360335166753,1423.797040459144,1422.4069212663085,1423.466035133932,1426.0977942078498,1431.9501853036418,1440.5696451370354,1450.1039801979562,1465.4434334352227,1486.6552715883247,1507.845201597248,1525.8692889038923,1540.8663877100566,1548.806330481552,1557.541621000464,1565.9446883040234,1581.5817632129963,1592.676850242363,1603.7876520503053,1614.8167401797232,1629.031090735445,1643.846171309515,1658.087382633707,1669.287293459723,1673.7564329136098,1673.3968900861591,1668.0287140740309,1665.4404705184193,1662.7834992348046,1667.203680291462,1670.6870442819338,1683.713588948751,1693.5712750128066,1706.1507301357174,1711.1059109630833,1718.195481463395,1723.1538253791389,1727.5752345856918,1728.1024317211618,1725.9738489301876,1723.953081983487,1725.876647687944,1734.785496110546,1745.239675796936,1755.9514045102364,1765.4286268707644,1774.2866207587665,1780.3885414323988,1784.0852261437187,1786.0391713795232,1788.000663431954,1790.177821638134,1794.3366014710268,1799.125833016303,1804.4076703514863,1808.0784217438336,1813.6740065999568,1820.3802721097657,1829.0970692947649,1841.8110178415184,1847.8550332116904,1852.50854972462,1850.608559104183,1849.4545959383413,1849.7675031915824,1851.949206874407,1862.1847533758937,1868.832651986005
394856,8,"Miami, FL",msa,FL,1466.7094228266967,1472.2560596244814,1477.9022948088464,1484.6753813444118,1493.2855416584396,1501.543694979196,1510.4617629167913,1517.7795480645193,1528.8734416639884,1536.388871787466,1545.601718619678,1548.5694821266777,1552.2901283226074,1553.572501733924,1555.950544853344,1557.3240071536925,1556.9484883426342,1557.3589118190189,1559.246056024562,1562.0081239797985,1567.076236621044,1569.8182951421222,1573.534296047595,1572.312882546612,1577.325535470583,1580.7384537352912,1588.920341079784,1591.0261827548752,1593.6124424478037,1596.336597787625,1601.5157136160824,1608.724777549902,1615.425989307997,1620.773664028636,1621.9377244700067,1623.0614036652617,1624.9151922336594,1627.6579246200477,1631.2443439165488,1635.224796984304,1639.460227010097,1644.6128648136496,1649.845334402344,1656.5634578260954,1661.5843056328283,1668.643726302082,1674.7237984897276,1679.92652560009,1679.0135918790968,1677.6816192596452,1678.0319455082338,1681.2443556869005,1686.2868649121942,1690.48676706078,1695.502861201164,1699.294786412523,1705.3733367734146,1714.881914848616,1725.4154784765851,1731.8461170890234,1733.5823233570443,1735.99825660264,1737.2081872170963,1731.313870972377,1722.7084018241835,1721.169510715259,1726.592411655752,1731.7637306867905,1737.26842292571,1749.7330390235038,1767.7500118760706,1783.5957124761828,1799.205706515714,1821.499869833995,1849.78017923061,1883.2092627405632,1922.1060343616416,1971.4330605892064,2036.1089914391437,2099.8983164914416,2157.266696761377,2198.43099622694,2242.51315111015,2287.8697078223754,2329.197175347559,2361.9492580170163,2397.249073050509,2438.016801286192,2477.871850976584,2505.0434139620747,2524.6655971017826,2532.285741016213,2539.910519362413,2542.491459522886,2548.512078152848,2551.5266502461627,2552.64892050542,2554.4823225538935,2560.0637165355115,2565.9209601472917,2572.0183551750415,2575.036674602057,2578.8470926587624,2582.9873468550627,2587.189654108701,2594.0995448639906,2595.935252565598,2591.28774369207,2589.8903660956594,2595.321049194035,2605.6445252156254,2613.204583967893,2616.9327033497675,2621.053357436365,2626.7190687225966,2631.579186523999,2636.900702769195,2637.277201014915,2636.35240525643,2634.818496613407,2636.5577878219033,2641.3432699294112,2647.2938781176567,2650.9948764333067,2653.3814744556043,2654.8440497449765,2656.552214055918,2657.2888199794975,2656.1347627962423,2654.9114569088924,2653.8819282006725,2652.1136275626836,2651.386464249601,2655.8901810898783,2665.174338661885
394347,9,"Atlanta, GA",msa,GA,988.1340788129642,992.6782163445846,995.9325326891168,1005.6574222371364,1013.6553747290914,1024.5939589890554,1030.0774430527376,1033.0568839978412,1033.4078002857818,1034.2707671321964,1035.1167751189105,1038.9113328119215,1042.5039386897631,1049.0412548154484,1055.6918080606245,1063.0284439057502,1072.112815855484,1081.0199262787614,1089.4677691107447,1093.069434386235,1093.2433948198543,1093.7282783908786,1094.2362917536734,1096.519020645914,1100.0971730687738,1107.8783149496185,1118.613319091289,1130.5059473956055,1142.6553896356577,1152.865136329445,1161.1812543046797,1164.0360576452608,1166.0436822938711,1163.0523197230696,1165.185562959275,1166.4394630493032,1173.5469166128837,1181.1727290002923,1192.214985431278,1203.5910328495947,1214.5729097885708,1223.2432069695938,1228.8242415609934,1230.438003158742,1229.8548514570423,1235.445388370934,1240.7461966374135,1246.3488920503894,1250.909134957731,1257.8324426492504,1269.8960637157982,1281.0969456892535,1292.0265416808156,1300.2601812582272,1304.6684951982404,1308.3151596205416,1310.1323379289431,1308.6477496276036,1305.7492225036724,1305.7114854079375,1310.3958018647625,1318.2827776904496,1326.8220059299524,1331.5591413774457,1336.1915341142974,1343.513225829553,1357.7370120813075,1371.220584670364,1379.453152038756,1384.6164921405475,1388.945434388162,1395.8545357526064,1409.8342643372764,1427.5946319783689,1445.9340478878628,1466.8983510887017,1493.3991996462398,1530.814821533557,1570.3133691575906,1611.115582926561,1641.487087841417,1659.859164758971,1665.967295876636,1666.568037089649,1669.202563372825,1673.9252825915476,1685.692733461548,1698.655967754568,1718.7657037078243,1738.2235415849302,1760.1201041605414,1771.1552362423674,1772.5548477082707,1762.142220416941,1750.501345439763,1745.171582583788,1742.6458715007,1747.291989994451,1759.0135870641905,1767.2434755041238,1773.885936801924,1773.4521734990578,1778.113809348188,1776.7622799467645,1772.8072493196569,1760.869259157722,1748.7453006490173,1739.0905626954232,1741.55683004884,1750.7384256887428,1757.847773805454,1763.471309269236,1768.8513728168216,1776.218679149172,1781.0671484882148,1780.6430338172734,1780.3534060077227,1774.036088697325,1767.324137322032,1760.5816725096577,1765.0007554218275,1777.5174249613435,1789.824751198902,1797.2100477123358,1801.4980932247452,1806.1885847168671,1813.6011130279992,1819.5186117540015,1823.394218546272,1818.9076006900696,1810.7057090738772,1802.0467940440683,1802.6056639629005,1805.457057801371,1811.3570402502407
394404,10,"Boston, MA",msa,MA,2020.1341813232557,2042.5028815282271,2069.6132492583447,2088.5055925699917,2104.5572150116254,2118.6150881540357,2120.1866577332903,2115.0603020253925,2100.50486075537,2089.532622368251,2085.823493405495,2091.346183876104,2109.118137901977,2137.748592616128,2155.2597929565536,2169.758720795349,2179.387250886753,2196.248705709415,2202.554273324964,2201.168241606515,2188.4239587502993,2172.389247741992,2156.512562157667,2156.8100053933367,2183.8566088928196,2217.967099130291,2248.6072167799084,2262.574255039178,2271.035394798791,2278.848771596716,2281.041863137963,2272.768196496907,2253.9135735425057,2231.917348650875,2228.730426073218,2243.695655663736,2271.4695087083005,2296.1562667023813,2317.5843618147737,2333.886318735172,2348.5721337687623,2355.8682732264556,2359.9149011498876,2349.0989232885754,2330.901641255228,2314.6609449716607,2309.26210603906,2320.351679001144,2340.513174462664,2367.239875718531,2389.1697447652614,2405.362711211821,2419.3186401173343,2431.9134910529483,2439.993337390072,2432.973024922491,2418.982120530483,2397.857504929912,2391.6141779912505,2399.6285954873256,2424.251737266113,2451.7096824428613,2475.6067343765785,2475.1994908450115,2466.2864014324714,2448.614518354959,2430.398642247936,2387.9151639834945,2330.216873856913,2279.568425153642,2255.028755369892,2256.5582810794212,2277.30798900987,2309.808020943282,2342.784852532207,2373.7530304830757,2411.092983277428,2451.6184538466773,2489.0812325111465,2507.433128377185,2525.2287044319255,2538.052549589446,2553.4477868348326,2562.4040320544686,2574.982721309207,2586.9893472945396,2608.721573138741,2641.75494240644,2686.174902295918,2727.780509965754,2760.538737850794,2779.3229498989535,2788.982526846024,2783.233007795796,2780.0201868734207,2773.425286343246,2779.177472579215,2796.952169118321,2828.113513684348,2863.6179430345614,2893.99698848736,2917.9704782446956,2933.320973584114,2934.375887634492,2930.4997392067444,2920.031396564324,2923.2875257338205,2925.223860031039,2939.8414714507844,2957.718103455431,2983.3813235068064,3007.815351141268,3029.3695800789487,3043.7162676741714,3051.1174566415716,3035.10990564466,3020.167990305451,3003.7665696638132,3013.0115054421967,3023.5171661922623,3046.9133991114527,3062.620993618867,3087.2312285189846,3105.003385323621,3123.9577140611173,3129.6531451738074,3126.443461338891,3116.550243953386,3102.2226315865396,3091.151768028299,3084.544696323127,3089.2056763757805,3104.2813611131764,3121.4992051530617,3148.343094068694
394976,11,"Phoenix, AZ",msa,AZ,912.7178754510124,926.2921569922586,933.560349091697,946.33071123949,947.6843769377392,955.6880369810948,955.7502227786248,957.168576495092,959.8015875410352,962.441288392776,965.7669716452708,967.1595635143156,972.1860850063816,976.9775369884728,984.2039590665462,991.1150384842456,999.02539605889,1006.002669364012,1010.2146321425078,1012.3269924562252,1013.3097151530512,1012.754076221506,1014.231350154997,1015.317014807748,1022.09109765077,1030.1899845634666,1041.6683299853903,1051.1844254131538,1060.8501143943488,1067.0460771866726,1072.193068011583,1074.2342861975171,1077.370961740197,1078.625309339022,1081.5810930396574,1083.6401285013706,1088.966299173598,1095.1978602031984,1106.9241318803654,1120.2517996930203,1131.4272222365344,1139.7338232536115,1146.8778922386944,1152.7287014457115,1157.7534097211883,1160.722545091185,1165.7363791925152,1171.2689050556826,1175.3079166769326,1183.8323562628696,1194.0816499465134,1209.2927692545593,1221.1011960954188,1231.447829786522,1239.0600162887104,1245.698218776958,1250.076494996425,1253.5482847642652,1258.3045802410022,1265.5329739463905,1274.5392426676513,1284.7893000472384,1291.530873092786,1291.9440652631083,1291.3929118020071,1296.0334096265017,1310.2083633972832,1326.7804402380343,1342.5006796541288,1356.4939656685426,1369.1170345363353,1379.092972608467,1391.278079171297,1404.907391998223,1427.368068025649,1455.235788865506,1493.207463864906,1537.0081913038323,1583.3279823686378,1624.5879755936776,1654.3514028869324,1675.1963733163032,1687.225930499974,1696.049030288723,1704.3031863395115,1714.8084889124766,1729.003253858184,1740.6120439662652,1748.6685753753486,1754.619587402282,1759.6622257278104,1760.808200920661,1751.9077277376189,1740.2132486309154,1729.1005765701746,1724.8249088432224,1722.843519771042,1728.0534770788738,1742.0199332229554,1749.3808438333613,1754.1084699662442,1751.007137446428,1755.423567322972,1754.8965703633785,1751.571628474198,1742.071012547546,1733.0002942431097,1725.8079039349104,1727.111171796025,1734.5665373936663,1743.3223628318788,1750.9217365747804,1755.5076989214458,1758.4895726473846,1759.853316236363,1758.8400579816098,1755.6354063019444,1746.8520938125696,1737.6699998384256,1730.967270575893,1732.3199838802789,1740.9607291752595,1749.5068395213116,1753.996845509247,1752.8200750555898,1751.3294769704244,1749.7082945870063,1745.4877725668446,1741.976453090177,1735.2232364372169,1727.0119072186046,1721.5210593727556,1722.0986362631386,1729.2508302242748,1735.3804459866071
395057,12,"San Francisco, CA",msa,CA,2195.2492944171568,2205.8920997944974,2236.6962614050194,2272.2605112138244,2303.591930890032,2337.175562946809,2363.3809994857356,2387.181069731884,2404.311507575158,2406.8184964766106,2407.1642568205225,2402.540446872184,2414.4259102583555,2430.1848341251207,2437.63755687335,2458.3653069421403,2469.9240645198543,2492.534457760073,2498.715463594285,2500.679700470639,2494.6609622892784,2478.0151727408424,2467.9659864672144,2457.2611411366347,2465.6720415203185,2485.391452101688,2508.3899651215393,2523.6802672875883,2537.5625717279577,2559.088282589757,2572.8044839500058,2582.9006384472955,2585.3367650178984,2583.5064200959296,2574.963145743168,2571.883496879463,2577.4625947955715,2592.510516952639,2602.4235459070146,2617.4183749275085,2631.7290229682585,2651.115899497999,2665.513035091572,2675.4343291989944,2675.582457814883,2670.9704061119187,2664.5706534885635,2663.9338504043317,2670.0111746416196,2679.029310343439,2692.5197720474844,2701.9760352953667,2716.8235906379523,2729.688443374898,2747.5453981690357,2753.1380347091467,2750.4654902652824,2739.4204024149913,2733.305545718187,2734.322125606192,2743.583247042876,2750.7133705561314,2757.6810016014347,2750.600282595443,2740.2310857021957,2722.037582445737,2702.2960189267424,2660.0549622439567,2608.246775502668,2560.487845654671,2526.128032763186,2511.4946645272876,2506.1304208653128,2520.257223052914,2540.6672314428984,2564.9251955253976,2596.0059468351096,2637.034254111082,2683.2138368589885,2717.846597270253,2730.520572151933,2727.871689351796,2720.89909742568,2723.4844061756085,2737.0660377755303,2761.074497703236,2787.337508522337,2810.53260956067,2833.268421787237,2854.8418460985836,2874.3392709347113,2884.6415623836,2880.0518469707317,2863.839832142909,2841.4948642799204,2824.125610970092,2816.90254019088,2827.2265528789453,2852.071949043245,2863.302024851775,2872.3604225478366,2869.1959209636548,2878.440325299457,2879.742396103342,2871.640260204963,2856.8409323389265,2835.6305303595823,2823.409715378843,2826.28150906691,2840.9303018824885,2864.1445910395446,2881.6504386573524,2897.36023428848,2910.5838479020153,2921.6333268872854,2927.3634071677393,2923.986525539589,2916.8629340474217,2915.891259555618,2912.8251126588425,2924.280779993203,2941.900748493656,2972.080692372431,3000.193948844917,3022.51259067366,3044.9749538938904,3061.6745147693914,3076.9424090097145,3087.719044723777,3092.4101365303886,3086.6916867622344,3082.178564529894,3095.579088597456,3127.6700677479553,3161.3807288755456
395025,13,"Riverside, CA",msa,CA,1282.0304019494831,1285.837092833271,1291.016117838025,1298.7017653553112,1306.004431964306,1314.173146328354,1323.12130087318,1330.262994097255,1338.768349585911,1343.9743433953363,1346.5917575247956,1348.2737702691093,1349.6616983187607,1358.0293291725577,1363.2780054169782,1368.925254684662,1375.0049087154184,1379.670432625456,1388.1132404987632,1392.3149029441147,1401.424678767805,1403.6712199501417,1407.6473188359666,1407.912466618571,1418.46038630995,1428.700210793819,1440.1947864381766,1452.3559106684022,1461.721906802169,1474.137650570446,1481.531902252817,1491.6974376835055,1496.010665550942,1501.5085515146309,1505.6863831329608,1508.9798866684328,1512.7595726236789,1522.4203722812058,1534.9847914567106,1544.1748523384038,1549.920297731897,1559.5460730860564,1570.3319544076935,1581.9423130329617,1588.0287094535772,1593.5414341888238,1596.9607651465983,1600.856585408517,1606.02320913701,1609.8942932774314,1618.9182061575066,1626.9563674448962,1636.7452517642266,1643.97538095044,1654.2608424629968,1664.136595282644,1668.6640359170303,1670.8111611371808,1670.38922369262,1675.1863468667214,1680.9256112327898,1688.162202095525,1692.8985940098162,1690.4588860178878,1690.9590000853416,1702.8789752383093,1726.1789879675775,1757.038087608337,1783.0364453903123,1806.1932094430808,1823.2071378081005,1840.6421817683804,1860.1362840315828,1883.2235402974657,1911.730707540226,1933.9766393415116,1969.1227067864736,2002.168909683009,2053.331496223654,2093.455274206223,2128.0177888021935,2137.5335926617586,2147.492767980382,2154.1678832675057,2176.6222473610587,2195.5063061847623,2222.901876471264,2253.260214097365,2274.5607175698847,2291.124397624024,2299.9345550768676,2305.3372184446675,2308.339668795341,2296.280490567401,2288.4708733351854,2284.2212712722717,2289.793755845134,2297.2568147409056,2310.8362897798606,2323.793967768382,2334.4970325930217,2334.718014238916,2336.2835802430627,2341.714642365416,2344.682352890069,2350.3656790871446,2346.0355017606803,2339.6538921180486,2336.4584430760706,2346.754145783233,2364.268083419254,2376.3184393800043,2385.757567238429,2390.646141221755,2402.614607073139,2410.588389854133,2421.879017506804,2420.762058252862,2417.973564323507,2417.2564826665216,2426.24350129751,2438.808319780651,2448.0345400065917,2456.394240643237,2463.347276580881,2466.865967148183,2466.5600273836258,2466.5005259791187,2468.6912033938197,2468.132568489139,2464.6818279401714,2465.700840196742,2471.5486045404145,2482.489353559605,2492.866513946809
394532,14,"Detroit, MI",msa,MI,843.9910525479846,848.2479076688036,854.5626647547247,861.2926361949281,867.1120388964165,872.0000793871326,876.6439697458848,879.2493999862273,879.8197452242583,878.7246718455825,878.2967628203718,876.3158474189189,877.5395337279708,879.2726442701426,883.9064357171569,889.4909333465953,894.9996552363011,900.1263953818352,905.129556287253,908.909971982406,908.6611884170844,909.264210221401,907.0844851716604,907.2075662077536,906.4038451240116,911.1940692849143,919.1249990862492,930.4168937099678,940.5373826246134,948.5286956574142,951.7309377020424,953.1284837243202,954.0853877203572,953.425446971468,952.3415632100412,953.1691545636226,954.7524196333328,958.2839448141474,964.5530246730438,972.3392738268416,982.0939113054576,987.7856606051208,991.1939540251708,992.3121622381088,995.369889654027,993.5188521207294,991.3069026318976,988.3353576765976,994.030234382266,1000.8216039132384,1009.1432691110176,1016.7848968128744,1027.3007353489595,1033.7169983674146,1037.488956794779,1037.1317760841227,1035.3412424530068,1034.5287632235031,1033.8052974803022,1034.2727474374185,1033.871642929434,1034.9003932469816,1042.266582034022,1050.979481857148,1059.0430261245929,1066.5481779404413,1079.2330415403044,1091.6167751812573,1099.8052239023457,1103.0511810094706,1105.8343504890158,1112.6015355291702,1121.1971776997475,1133.6341599797838,1143.7036700672566,1157.604315125293,1170.6669050078465,1188.0499737119646,1203.6256831432172,1221.6845260460952,1231.5484275839742,1237.7727937857148,1239.378279740814,1247.2407733799691,1253.0128905089712,1261.0927931410772,1266.667859704654,1281.30727507682,1296.2597302362308,1314.0580483465196,1323.4992601533445,1326.2669333189758,1326.6371880658037,1319.52853357136,1316.7593327962163,1313.0348465300992,1315.7934967562212,1317.722313050208,1322.3667961377048,1329.9630946899736,1338.2279837112508,1344.4669869285883,1349.9103008893503,1353.4208258974236,1356.1975544556904,1355.0815416282478,1357.9087439027678,1357.570137949019,1361.720737926517,1364.2857874415504,1374.7123728555432,1384.2165744930562,1397.1299384385816,1404.7344310417786,1412.921479872413,1418.2937371173916,1420.9051817298034,1423.814052853763,1422.5023165115329,1425.8087326388204,1426.4964998325593,1434.4219105185002,1439.8213597439849,1449.0036502228609,1453.3527072113554,1458.3221767754546,1459.597701982315,1463.6423013320325,1464.2195386889532,1464.1557812081426,1460.1210805517378,1463.0964171783296,1466.21772441116,1469.2197182444993,1473.3170913555934
395078,15,"Seattle, WA",msa,WA,1320.4178578621772,1328.6154612864289,1341.5941646651258,1351.1562425403436,1366.584107744021,1379.742854927222,1396.5935008561892,1405.6423035267894,1410.0124095194008,1410.9849212380398,1401.794372492515,1402.073006800052,1407.8842306475833,1427.3990333153306,1437.7551964152844,1454.193275904736,1474.7585994299664,1497.5824440695126,1512.5930253616127,1515.47188370061,1514.0795351987645,1510.517891002787,1504.3934575905466,1502.17144476797,1509.8707356630885,1528.8356897905828,1555.0676339340916,1575.2462458531986,1596.672804262993,1613.9277104849018,1625.615995633446,1630.4645261106712,1626.4768147584512,1618.0000974911827,1604.1217351098685,1598.2029380885372,1602.2631421207168,1613.5928102673815,1627.3904417759802,1642.616509474041,1660.5115936744369,1674.622053823252,1681.869760318748,1681.241520833372,1674.4177321237817,1664.8479531400062,1659.501846623224,1659.5589170254434,1665.8652847539645,1676.3594871082803,1690.1220000215644,1706.8777649884532,1720.9770842021755,1735.701120151179,1745.6702209187204,1751.5703754842011,1746.628394220145,1738.7766233913596,1732.9582804958627,1736.968476237212,1748.3898692421271,1762.0782248508335,1779.5795481980945,1779.734620014479,1776.8901678263553,1768.624328509238,1771.1950259715595,1769.2894969001602,1753.771451308753,1727.7928660389705,1697.6411647560303,1675.4678076571686,1675.925639144124,1687.800731379118,1714.2049419131724,1741.6121271216805,1779.8583388890677,1823.725325363186,1868.7586378432889,1907.5902776979424,1929.3816001306532,1933.7427921074373,1929.1796653490617,1926.3872052133431,1931.729796594342,1948.439392614272,1971.882167739321,1997.8085656350304,2026.7838359687328,2057.898300320121,2084.2432825716223,2091.7062426078937,2082.142742445599,2059.9290591130534,2033.0659572419763,2013.3795067391432,2007.785506909316,2017.3046696620493,2038.4066863132125,2050.8094038618333,2066.732056230985,2075.8714569826807,2089.677193818363,2095.611341824865,2091.0901332213616,2078.9908844198353,2061.7331822079973,2054.965235254996,2060.992458017763,2076.68874532637,2094.50935254733,2111.885102305677,2131.5137086673885,2146.9981169957596,2158.6174852738677,2158.985641570938,2152.274612651422,2140.0696205391982,2130.1713782833317,2124.265812324589,2129.79559051838,2142.9399982866125,2158.4283529743516,2172.6847110463323,2187.821103346584,2205.99513047385,2214.840703483886,2214.252500942156,2207.4689425154206,2198.6931023782913,2188.9289549356317,2178.967340187819,2177.513330534357,2182.6939312484164,2191.5748041286133
394865,16,"Minneapolis, MN",msa,MN,1105.168445528662,1111.001309239699,1118.7841810210189,1127.4522947316354,1137.777276280214,1144.489952030871,1149.7544602043183,1150.4503473209752,1149.5385393158367,1142.632569507241,1143.0609564764966,1144.7944052244063,1148.5256028510748,1150.9194266336428,1157.1298595895537,1170.4375033361905,1181.666761952174,1191.332391791007,1193.3667071956422,1196.9293979050738,1196.4464904153042,1197.8162986788109,1197.0996382717262,1195.3215991258376,1200.9873106213722,1211.822596132692,1225.8695015956582,1235.225066722778,1241.706000377687,1249.9857903279133,1256.2015533856943,1259.7070358953383,1257.715740499387,1254.55612525956,1252.213661732628,1257.491274191499,1267.5072090963697,1278.9747133386782,1292.2032547108397,1297.4432291895707,1301.9218406560176,1301.0753802629265,1306.865958130337,1310.2662932790531,1310.1265960225458,1307.3986495646116,1309.8379209038233,1315.3432428009385,1324.1862587990408,1329.2837661945896,1345.2985503651778,1354.674553324209,1366.3769908135987,1367.1563785787682,1369.474316797709,1368.974247552953,1366.990177625327,1365.2338881081273,1365.7453879988927,1369.2939890831542,1379.0083357149497,1388.2907917563011,1394.6024591475357,1394.949123277277,1394.1252534593289,1395.8415571549208,1397.8150676480764,1401.0803990779982,1396.084017053093,1396.6590077895155,1388.5573115172513,1385.0974036499822,1382.378771508858,1387.3597345152566,1399.3719627345895,1410.564333956116,1426.1595366888096,1439.0939334079446,1449.994298301605,1457.2250317773028,1460.302259387259,1459.639917299214,1457.6853172929991,1458.835216850311,1466.285386740958,1476.938004809551,1489.7737485193882,1500.336504723597,1511.9388720560507,1519.9611549042484,1525.9812706361756,1526.0699678490444,1523.515830855853,1518.287041900876,1511.6628750526625,1510.0621371976763,1514.94062065374,1526.1856947298677,1538.1578986447328,1545.0750681023528,1551.264652426422,1555.3318340669432,1558.955222854717,1558.559711356229,1553.6290159876112,1550.1380137144674,1546.3339470088486,1547.4184652681806,1552.9457255482168,1564.1284571294857,1576.1469458883307,1587.0863796408978,1594.4379410216409,1598.9121197406,1599.20207854766,1600.7537766876974,1601.1583751868964,1597.656601588493,1592.797259824995,1591.9341385717896,1599.2456239775588,1611.514544225863,1622.5171141739863,1634.2939535633534,1643.3459039078375,1655.399306502252,1660.8192612333958,1664.0549745171488,1663.0961866496443,1662.5742240569407,1659.33034975564,1662.3901104232268,1664.8099530208076,1674.968484465266,1681.2579918505862
395056,17,"San Diego, CA",msa,CA,1594.0506514158894,1604.4883300209842,1613.1329055951585,1616.8064326548074,1627.3818701733192,1635.422279090646,1651.1463159328678,1661.3737597855954,1669.7910832915736,1672.645438825933,1671.954382117308,1677.495629866445,1683.1854015798106,1691.1971679062883,1700.2263155306207,1709.2416454063805,1721.6331927946756,1736.053172728336,1748.247879738188,1756.0433582911792,1758.8512314877191,1761.1839205788203,1761.7049392658978,1763.8244504154843,1769.378613384792,1784.8462124985915,1803.36406681871,1822.175048741756,1836.812031414192,1847.9183987283425,1858.6424893717772,1864.4613728996223,1866.515511425429,1865.86860974835,1866.1238574355611,1868.22242258264,1878.4318878242611,1889.2384025069607,1903.354194007424,1914.1071466623844,1929.8910077926644,1941.0994284586595,1952.1732300690385,1958.83670250398,1963.3729806762656,1962.2623961613567,1957.0838526270988,1959.4416604703829,1963.894429021435,1971.7128091091429,1977.6104714694177,1987.2458044152424,1999.7533130591871,2011.6410824174177,2023.3373491221953,2030.302174926418,2031.5476416364809,2030.816327308998,2031.295071626508,2035.70166122795,2040.8214663791048,2045.4458923798857,2048.6615867734145,2041.891514029896,2036.105301247319,2035.3796164481769,2046.4212276857952,2055.695611211377,2068.155860377779,2082.200207315514,2095.934801689817,2105.0214463666293,2112.5828499052163,2123.4886321003705,2139.66141274056,2166.1552714847076,2201.0370142131487,2238.9038449375057,2286.2518889296566,2336.3783422343377,2387.9699058471706,2419.218878100616,2439.7824253314257,2453.97377794079,2472.1519364946375,2498.4618468651397,2528.5923512870136,2570.465468083808,2612.594212043272,2656.042635398757,2686.7521914594863,2710.1532079333515,2714.4694388377297,2708.0671652078117,2690.3576093988827,2681.2815242196216,2676.4725930109225,2685.113587502556,2709.887694591202,2738.256768613792,2769.1695763556927,2787.864816306413,2804.588683902177,2810.652670595376,2808.464903535601,2795.4483648831165,2773.514744758501,2755.1295966858,2747.8961137316037,2757.2515925033485,2773.422604895597,2791.902078769196,2809.0163315525056,2824.381900684029,2835.465974261714,2837.7980317051547,2836.5727687272365,2833.4113470143125,2830.3749366814045,2823.610489748882,2825.310861136432,2833.213516261207,2849.5429720971288,2860.032809294959,2870.10805764302,2880.1067001188185,2885.47282352627,2891.3676087515637,2888.561216768951,2884.632567500297,2869.4334888732615,2861.7947189985366,2864.481513634855,2877.8905260478505,2889.899307467977
395148,18,"Tampa, FL",msa,FL,1036.9147984247631,1040.451641880633,1044.5858418606806,1052.6848659723992,1060.9132362054695,1068.027627333226,1072.9846116348494,1075.2053839264352,1077.9523499861227,1081.42321886103,1086.6080058445216,1091.973669232829,1096.2663984685416,1100.684264011403,1103.331958956083,1110.1157552621337,1114.4288829708094,1122.0139829349343,1123.7596662941785,1127.0579341032228,1130.3710579605963,1135.0967939298234,1138.6161710249894,1139.5706109398452,1144.279946788516,1149.8846759393557,1159.660619160156,1169.18221820311,1178.90077892497,1186.002395507501,1188.196525355695,1188.143105769975,1187.9151289303552,1190.186651688247,1194.740687265332,1200.7769789980553,1206.8009811801642,1213.026155505594,1219.7293516367663,1229.2929952781633,1237.6879341760025,1246.9530263649208,1251.4662313731485,1256.2758708099182,1254.0320001069,1255.7323023033284,1260.5355770862436,1264.702321496119,1268.5540704475834,1270.2623351119717,1279.051269759753,1288.465410624502,1297.5168637110503,1304.5382430147895,1308.2193497659334,1312.894494084497,1314.4354674873648,1316.2070626884642,1315.4942455003577,1319.7634136803642,1323.7948752440527,1329.8006738819345,1338.2171457797217,1340.5416552696006,1342.6847402254298,1345.1166103715248,1359.222295670646,1374.00239873072,1385.5341002974371,1393.0377865290282,1400.330050527815,1409.9506145216496,1421.8752165053586,1438.0132819495989,1455.0763848667796,1481.2975541598078,1517.0775127172583,1565.2272297897964,1617.2758673469657,1671.6678269906515,1712.7563545523903,1740.739571398038,1753.8673783425456,1774.1030000683395,1788.4931791367767,1806.132240134833,1821.0879366229733,1846.2311636310887,1871.792015781967,1895.1105252518764,1911.7807151467096,1917.4384033084568,1913.313961968981,1906.3114295172743,1904.5608017210147,1904.8715358649824,1908.4964357961387,1911.5414926019828,1925.38975120971,1934.012092291179,1941.585642793366,1941.1780262693685,1946.4291826032868,1954.5566930107427,1956.0676541268128,1953.8183541117733,1947.5021239597816,1944.8798084761045,1944.6232128164384,1946.6052298611544,1951.9604108143567,1955.264595912339,1958.2392745182603,1959.980139455897,1965.8566934765015,1967.0952119668957,1966.8824750272072,1972.0897291765,1982.7276562891957,1994.631894376211,2001.716053159224,2010.4551271768296,2020.143271877172,2022.5069821292511,2021.8594554319272,2019.3638919045588,2017.1834259642108,2012.6554802964388,2003.3951400521476,1994.8256459554568,1985.2576976748735,1981.33851496249,1978.6084071258904,1983.373186397582,1987.8836940802596
394530,19,"Denver, CO",msa,CO,1231.4956165411747,1246.210174527028,1263.449807144307,1280.4189795681923,1293.7521304668714,1310.727361327191,1318.910884728387,1324.1872649578413,1322.657110340846,1324.5178477886627,1323.20610056472,1326.4783642600717,1333.682337281458,1341.1721015634366,1347.1347709321367,1351.343811447628,1364.1264631398765,1376.2183080943462,1381.6972175883036,1381.3002688039303,1374.6192082624136,1366.4962897639848,1358.670823035093,1359.1353623745058,1367.2350719937424,1379.7711381881522,1394.30046731548,1409.2638946817383,1424.499410046914,1434.4455079086863,1440.9847134611748,1442.393456198588,1439.023862246928,1432.4086199565395,1427.8367566285374,1430.7092077333532,1436.9707816020011,1447.4604886963812,1458.0618912421533,1470.5192835476194,1479.1086980787238,1488.0381300580902,1493.0420006541392,1496.5639462725703,1492.2723592870989,1488.6004636311109,1485.9782753789568,1489.0892042620255,1494.7935317728495,1503.065618374828,1513.5077335101766,1524.1600776319938,1536.8825782336723,1546.6169497575895,1552.3035358857398,1550.6551998302252,1545.563444366986,1542.2473816044835,1542.4884393808943,1545.0382350394057,1549.3733257467509,1554.2495069427491,1560.5203291226628,1555.074425636651,1549.649233655569,1546.8189923310483,1555.8452869729836,1560.580731356663,1560.831573718049,1553.5000259919966,1545.759537439816,1541.256736561776,1545.519630387288,1556.7973603668136,1572.3639096849013,1595.2444666817055,1625.6749357015815,1662.27640168765,1697.4737216263595,1726.644020340385,1745.4276447385234,1748.5954748189197,1748.0611265988896,1746.726790101185,1756.721344585653,1770.5401242310752,1792.427971837105,1815.37824436199,1840.5513889718688,1859.507851524382,1873.0022072849245,1872.765322368149,1865.688056543201,1855.5356874178235,1842.6020822930864,1832.6958262988303,1831.4790342263464,1842.956883755663,1865.9445439555336,1881.1003509851012,1897.516128893399,1906.780822357238,1914.6517919575456,1918.2369530195413,1913.906678100046,1905.7748617129496,1892.9001298348248,1880.9648560991873,1883.8584707713928,1892.2086783233028,1910.305369868617,1922.3129535901203,1936.548558293175,1943.8290011754368,1949.3682266670296,1947.2785239794623,1939.2019803245005,1917.639932800913,1892.8181390328596,1869.139154600873,1862.6002562847416,1865.9651911601495,1880.9240005330191,1898.2624857343471,1912.531554127034,1920.9640942287704,1918.95685476786,1911.4925389710152,1897.1591822071543,1878.5451567666823,1860.277255725948,1844.6081697839136,1841.7392593386671,1846.9073255508288,1857.6390717759405
394358,20,"Baltimore, MD",msa,MD,1284.810146155691,1289.5898153169503,1295.3456400406594,1300.0316082662948,1305.5973523634204,1309.763710910684,1314.2814428954223,1312.646307298253,1311.8828280928903,1310.641203420276,1309.1997955403256,1308.2773670326735,1310.7276915924056,1316.990717830537,1323.455972631156,1327.17982251749,1329.1975189183077,1330.3239683792526,1328.6657483632755,1324.8499068937924,1321.1935200004225,1319.5359894924609,1317.3685581390844,1313.1498500971245,1317.6031425142849,1324.4686727269989,1335.979704932481,1340.182425990086,1350.7493545602024,1357.331411782853,1360.5475816434505,1353.7162364513572,1348.1863541660707,1346.9952610972084,1341.671648126163,1342.8580292839354,1340.5007677766466,1352.5991592487987,1359.6761645491124,1369.9433497693203,1374.0543972204807,1374.954593159696,1376.5532002186685,1374.8182551029563,1372.5731112061844,1370.9886640544598,1369.8427947784533,1373.5946882919693,1373.785809162,1380.616251726774,1389.8243428731173,1400.4440350297712,1406.7714168027317,1410.1841397399253,1412.7243219933812,1413.4492047646484,1412.4534267121082,1407.759842398729,1406.5624435791503,1405.8934683594805,1411.2623714385063,1415.138632575484,1421.0153968841962,1422.4641595170806,1424.150531861442,1426.686633743585,1431.6184246629089,1434.7405106347207,1437.5433731242151,1440.9844675184922,1446.9537285177223,1452.7779562083117,1459.5569227725214,1469.0031673966776,1477.132018848862,1495.8468559166936,1517.9730359148273,1544.415462666596,1567.3640126110622,1588.220388284862,1605.3298070759172,1601.0142971416435,1605.039834952237,1609.622159119602,1626.511606585206,1633.734889243668,1643.911421254965,1661.432723875842,1676.6510383746613,1693.2023494787422,1701.7499992768792,1704.1078376137118,1697.424094862612,1687.6070301539953,1680.1097989254702,1677.6717696751057,1686.417149793917,1698.5275112479806,1714.12121937107,1720.9465697290964,1731.2845170675623,1738.5210415061683,1747.2495085149476,1747.8158958477447,1745.9342364031716,1739.3701460559128,1735.6877109081402,1733.422370182896,1736.7835941390847,1743.4776484663705,1754.410849060741,1766.8901648872657,1781.958113531394,1794.2229813650108,1801.8153625089192,1806.758857817776,1806.349739782864,1806.5894999971229,1803.8113644071605,1805.0209693366908,1811.3293178657177,1818.7959676557812,1829.1031465158403,1834.0893927987431,1841.2276101219504,1844.1627874796711,1851.307358768866,1856.5833865127863,1861.01144955134,1857.072790235407,1854.176482386306,1852.5818398192473,1859.8022307753697,1864.2321797433392,1868.3969815282576
395121,21,"St. Louis, MO",msa,MO,857.4806972678762,859.0371703166985,863.0497418583046,867.6337630220324,871.118612501644,874.0046648344264,875.3956252400436,875.6889564086379,875.3211826753942,875.0262640505963,875.9450897424005,875.9168849192421,878.8998469754572,882.0425276471705,886.3851288792155,888.8616281359988,892.5536633827202,894.9143357491687,897.2999386381864,896.4755436569557,895.5872160759693,895.7175423397609,895.1038849267742,895.0398619280668,895.3076967019621,899.1950764152324,906.929523284832,912.6603819147208,917.3333035830424,919.6186687409815,922.3706794905178,923.531738259598,922.561802991191,920.782575238596,919.60759842385,918.9011927278252,921.326145248688,925.2684236180794,931.5806772205916,938.8170770774464,944.462146299139,947.3024946518524,947.3817930813944,946.9082582788628,947.350551357822,947.5177052201756,948.4197251974982,949.522883914264,952.2316745420524,956.33271539155,963.725344088114,970.451632972404,975.7334348673712,980.2712553816642,982.1875414061956,983.1205122539396,981.0521426422148,978.1911892052324,979.8113128149504,980.2371568739356,985.7298292032264,990.3189923215704,1000.1053279650572,1006.4437822999918,1011.4181009214924,1014.640624609843,1019.886152197308,1026.127991473245,1030.4080993710663,1032.3276370375918,1033.516702909163,1035.8055612461633,1039.986740705042,1045.805038369546,1051.3135306486508,1063.4538905514628,1076.2533186772664,1089.9951619724734,1100.3229070536763,1108.898940411633,1117.7998088985005,1122.7896213282786,1127.501615734494,1133.268311839688,1141.3058481959854,1153.1748997826091,1164.3469414936042,1177.2306939586515,1189.976340159792,1204.3080329730649,1215.2983760996317,1223.8952901855855,1219.5211836176948,1221.7845024159722,1220.8231949041658,1225.5366853617545,1224.169894482054,1224.614384543054,1236.3180679545808,1247.934259438635,1265.31751296671,1273.894995451636,1282.525809088443,1281.8138325352995,1282.7224466871853,1282.942695635296,1284.361647837779,1284.5401621223843,1284.0406441083026,1290.1347337750792,1301.4660783930435,1314.6267693882971,1325.187788577567,1334.900379554451,1341.1932167425705,1345.7754003206448,1345.116368530188,1345.4572957162554,1346.6792280701975,1351.3408947238254,1356.430756143249,1360.5342372739506,1364.3489907178323,1372.0143902553336,1376.988777544231,1382.4856913288186,1385.913127974052,1397.141608280854,1398.6453202973912,1401.5498224091775,1399.17258231567,1401.615993328265,1406.4262105027642,1409.2724517635052,1415.989568522473
394943,22,"Orlando, FL",msa,FL,1098.472081410428,1103.983906538135,1111.413012024976,1120.5135510266437,1129.014482442436,1135.034351334477,1140.9914409203225,1145.4647002512202,1150.32472523057,1153.0659692296629,1154.9674177618726,1156.6280960102197,1158.557730079691,1161.9791613137763,1168.266366213196,1175.9832924520108,1185.5990995411105,1192.780923376408,1198.9275354408924,1203.2114258708195,1205.7047466307847,1206.6911386775996,1205.5889493841726,1204.660742893927,1210.334527168657,1219.3207057422148,1224.9171618729624,1233.3038931803428,1243.2889857148666,1259.3592077693058,1266.736732328466,1268.9059321044094,1268.0687090245185,1267.968234099473,1272.2166279797348,1281.007593600325,1289.365717781616,1297.7570964535685,1306.748384066566,1313.6734304999866,1322.9976953187513,1330.5917392430677,1341.0819124085592,1347.3183787284045,1350.5251959253487,1351.1940160412446,1352.1283854388337,1353.7893879605167,1358.341066848925,1362.5318387961363,1371.306697924857,1381.3447513952576,1390.5255384792092,1398.6590103936185,1402.7989980804005,1405.9554289646278,1408.5809934281835,1409.6005916354904,1407.699238543241,1409.0441202831314,1410.341841593353,1417.8584717735027,1420.887717849072,1420.328948431987,1418.8767026986122,1418.531364112588,1426.1861034887463,1429.5468417058062,1432.4997794047715,1431.5166283427502,1434.8468030254485,1435.989452663498,1445.3799476017691,1456.8726938945567,1473.1499212222825,1493.5347750438225,1523.3826785345047,1563.84798685929,1604.947258285495,1648.155490034773,1687.6758317333076,1720.3820137971356,1738.3060344718906,1749.5942876445597,1760.7399079273378,1777.0828405175052,1801.4896381800752,1828.7960614738308,1861.5946986566423,1889.2640896215032,1912.583257034308,1921.0197084727065,1914.9427370196893,1904.2951273470908,1896.0818110808584,1891.8913465489327,1891.5028616531872,1896.3929001680517,1910.6713958331927,1922.0006801464951,1931.5005051079468,1933.1319919777095,1934.2818660394544,1932.7998924223064,1924.9212006894545,1913.967359457456,1901.7249399125092,1894.7441375493013,1898.258839057928,1902.6813347346365,1913.1666989363584,1923.1008430895015,1935.459883812387,1944.915126632951,1951.257508509226,1950.010713506419,1943.8822239847927,1930.2903202140783,1919.7705501900357,1912.9137233126348,1917.110636880231,1926.2955806176035,1938.1784745570296,1945.8140400001848,1951.5768555145603,1956.764097885296,1955.5890043630616,1955.501421094134,1949.4141744327865,1941.1805767778137,1930.1900737012932,1922.77867892612,1926.0488610452417,1930.446382816272,1937.2623204892773
394458,23,"Charlotte, NC",msa,NC,991.4901574630544,997.0932435743216,1002.136943573669,1012.7121031542108,1022.0180626193765,1029.609472489717,1034.7752981872602,1039.055517933964,1040.9159217016445,1040.770563207149,1040.936190097287,1042.574906951858,1046.1844397661553,1053.2793814311988,1060.3274826792692,1066.8149348459417,1071.4880203912344,1077.018133565622,1083.580763753512,1087.618957218597,1089.382286776612,1091.297925119836,1089.346756713349,1088.036445805927,1091.020866447741,1100.563534799442,1114.819783106611,1127.449975353661,1137.9190529724283,1145.722932296481,1149.5704983265148,1150.4415787901564,1151.2674749332264,1147.3313808522585,1149.648415494333,1150.4282561166028,1154.5521327045058,1161.5524414584804,1168.14011055811,1178.887567520119,1185.2062776426108,1194.6361836029753,1199.6433466126225,1201.8318717326092,1197.2234487273706,1196.8079218474347,1200.3331822206817,1207.814150545479,1215.5845383350386,1221.424325228421,1230.5420049189036,1238.3037512612011,1246.4698756523544,1253.1391521814946,1258.3990383955295,1260.141675278024,1263.3936568523568,1262.7074264351947,1262.338528837443,1260.2973072495,1264.019271525021,1267.5493047052144,1278.3924898023688,1277.412721923573,1281.2095650198714,1281.6693575423492,1293.7637698195897,1302.779531707342,1308.3845351111795,1312.1902399348642,1316.494740165749,1321.0588136233637,1327.4714989190743,1334.2896051116386,1345.6366077668306,1364.5708508158516,1391.1319997552407,1421.7206267419497,1452.3227785019817,1480.9491654509056,1503.7467637403977,1518.2685027503906,1526.4461621766318,1536.323689633401,1543.6004990946044,1551.6901985182906,1560.4035798260827,1577.6279962659646,1603.2319604442932,1631.9512459959174,1658.3426290679065,1667.769212546765,1664.215963207459,1656.256160686616,1651.8969910738597,1651.0839288618297,1651.6618669147942,1655.8874375868568,1666.6701059612378,1674.9203957133084,1687.3990824033428,1694.8759246332197,1702.4747089906691,1704.2086853584365,1698.9761222427758,1691.769513648472,1680.0281721383806,1677.110041429293,1676.250421337391,1681.5590861850442,1683.9285270437858,1691.1919739924708,1699.502423373767,1710.3018216031355,1716.502557464535,1718.3717292928511,1714.85815853386,1705.700190486794,1699.8329350812166,1695.508977824766,1699.5561129191335,1708.6273378061935,1718.475777584533,1727.3300223493754,1733.276257123203,1739.604366186764,1741.7262480533568,1740.3014841699394,1735.8576122688482,1729.0099194485067,1721.3761839366298,1713.4094471799615,1712.353720774997,1717.1854269688065,1726.3878965136255
395055,24,"San Antonio, TX",msa,TX,1006.6846021299932,1010.4583387469723,1016.4334406320448,1024.6432584716365,1033.51757787967,1040.552049866216,1041.9538566852943,1040.212219602109,1038.3109542692864,1041.9365465346334,1043.8354030331136,1046.334547745624,1046.1181485167094,1049.503996990125,1055.540948350242,1063.4869025997482,1069.6121107788974,1074.68651532556,1076.6856270510168,1078.9088581425117,1079.3083207579975,1078.7827062203612,1080.4996030299903,1081.3856167837594,1085.918790340978,1089.8063991357242,1096.4677431646617,1103.358144910119,1109.3479497666883,1116.397536865266,1119.2703372852538,1118.1355823685524,1115.395820989957,1112.2738170752098,1110.4481238539918,1109.9490448762708,1111.4761902003734,1118.0503652530174,1124.2373132000882,1129.4437238854894,1132.47672958747,1136.9701248438146,1142.1523843962975,1146.665167143604,1147.0101900668485,1147.086220303231,1145.0480122077702,1143.7678415430614,1143.6677713725896,1146.702299249216,1153.381875689376,1161.0089855381616,1167.49190020948,1172.9808708827898,1176.657526532933,1181.495151380282,1182.22365555128,1181.9405811042598,1176.9065406295667,1176.8011904813095,1176.5662134351178,1183.9775654165062,1188.0635483859337,1189.725190550392,1186.8095401886903,1187.5703915847914,1194.9684811243342,1200.7274702000154,1204.02579391681,1202.9365274761717,1203.85243814346,1207.412403789588,1211.260623558178,1216.7214434196426,1225.071149178773,1239.3128115740064,1257.614040351557,1279.0333726685326,1303.5935336628163,1328.2997689006568,1347.7959664778666,1357.6222304211904,1363.0674602716656,1368.604075949824,1374.9626886570625,1385.8835277034118,1398.2265536104246,1411.0186745456472,1421.9864751844618,1430.9958486750993,1443.8994261822645,1448.618193791663,1444.5724365996057,1432.6839512170975,1424.2368933116506,1421.110497229378,1425.4384161274695,1428.5908452551598,1439.732945624134,1442.974951452775,1448.4118691661786,1444.1552541978128,1442.2188492410155,1438.7149784568342,1434.0034070179247,1426.577778021213,1420.1642011145404,1414.6995092620436,1414.114895024926,1414.4799720075675,1419.9349187316636,1426.2305897873907,1431.1775653278148,1433.7899943867303,1434.6006995405364,1434.3804799533298,1427.6146727813336,1413.0990239831067,1400.1817708108335,1393.6245907190282,1397.3080262928097,1404.8934940715296,1413.333631271095,1418.1633778134328,1421.6760095120055,1422.1040763399888,1424.2638256236269,1418.8387176502042,1410.955383018574,1399.6860985630751,1390.7360301255894,1381.3854926084905,1380.6424523674357,1382.703174964742,1391.1211384747246
394998,25,"Portland, OR",msa,OR,1103.117211025923,1111.493640758316,1128.2915539744702,1144.7217845773837,1159.9188342002956,1173.854505964969,1191.7011748841153,1204.7554503941992,1216.204025523601,1218.721373631646,1217.2601579476002,1214.4500939819325,1216.6916831976196,1225.1034966331017,1238.2996069571318,1250.0719654486377,1263.708553644899,1274.2769694034816,1280.4772348855302,1282.4766769124692,1281.5700844524583,1278.298054469322,1273.4174631190897,1271.334786453316,1276.5387307662372,1287.543600276471,1303.7793058041807,1318.6837601822967,1329.5352088891837,1335.489126696997,1339.1953296475206,1342.537661427197,1339.7853377871545,1332.4740631355428,1325.7221012348748,1321.7128043734372,1321.9340869944967,1324.517794644004,1333.2899525939504,1345.1099536568972,1358.5633154767618,1367.3196334317963,1373.308616838054,1377.0009041585106,1375.3756012028696,1371.8484319265478,1368.3187282951892,1368.5248302551047,1372.9559349583228,1375.9093160522525,1385.4428507327425,1393.3191730509943,1406.9139432198158,1413.6484214154727,1424.0940194516752,1426.2510375613265,1427.948828750681,1422.2624378745456,1419.7417263395596,1416.7426536175806,1418.7302922873662,1422.6558646276446,1431.637061929894,1430.8804376887697,1430.2790685237924,1432.3257013815587,1445.6352946269717,1456.0814297296972,1459.760237845224,1453.4552750337732,1447.3290181798193,1439.41946649242,1445.0267579536564,1453.0044917057764,1468.0935612171895,1488.0321195815127,1514.2878217270138,1544.3140714591734,1567.903683259844,1589.8807023431452,1606.59523164433,1614.757926728139,1615.8029221885615,1613.97701084879,1616.847610122234,1625.8556870073762,1639.8822162130627,1659.0410413439424,1682.1279828058357,1707.0760849724031,1727.6087690155346,1736.9482382767433,1737.7284960979007,1728.0947620408854,1717.942964016196,1712.270433064003,1713.0482557181604,1720.535047951735,1730.5978947281442,1734.7818725011275,1737.0173257663887,1732.0788746822573,1733.772854749851,1731.8218713771423,1727.8512899066086,1717.5102976486462,1704.331561216587,1695.5618385593782,1696.4633876349956,1707.0946042275343,1721.6446201731158,1738.1943302297936,1754.2318210386154,1769.139625545568,1778.647842691702,1780.0883401149624,1779.5988323618224,1771.9555269855955,1763.7079034218636,1752.2676235939937,1749.9082700155884,1755.067655998803,1764.333787534683,1775.9694091883214,1786.329692368329,1797.7686055822576,1804.706364043465,1806.7379293116476,1801.798571460362,1792.6341591851792,1780.6027516420454,1770.5286526289951,1767.0483298206889,1771.7451608764818,1779.7496857583794
395045,26,"Sacramento, CA",msa,CA,1196.7681507749974,1205.6111752250663,1216.6594584916706,1226.174546503824,1236.5776410544495,1247.4742861660384,1255.5573418861864,1267.3236005955266,1276.1384248946504,1282.2250178088668,1283.3808994589515,1284.563951971481,1291.9057504148534,1298.5514300117848,1306.498329725811,1319.5055400938002,1335.4462386455752,1352.4872053453034,1361.22986718191,1370.0347981035943,1368.350664035046,1369.6180951687795,1368.7731173428333,1377.110220750008,1386.477466239956,1404.4569014465276,1423.9126952062886,1443.8516019450951,1459.9360306119215,1473.3193719070266,1484.0192553173663,1495.2937991971196,1500.2397252702344,1505.640948761142,1501.3196080339164,1503.9781334119027,1507.8167492126297,1510.709214910066,1523.2424673118708,1537.3549146734892,1559.2652758023478,1571.2651425551037,1578.8950201548632,1586.671740455487,1586.2122334466078,1586.552315588004,1580.9664726544909,1584.3158206342268,1586.7882536470393,1598.3287150310832,1611.55108250466,1628.8976588588023,1640.1218245898397,1651.2302070622295,1657.300854412079,1664.1131467518296,1663.9604558285257,1664.4023743352925,1658.6225724909195,1656.9923240613753,1659.5384625514032,1669.7729273314987,1681.0753906783425,1684.6841464196352,1685.018576713103,1695.1077715602885,1711.3767699021455,1734.633313279404,1751.1783379133392,1765.22299121143,1775.5071363943432,1781.337521044762,1793.815380025144,1806.9609582874828,1823.1959329608364,1842.1094436875017,1875.7838226481404,1910.9571394383177,1946.6361006523828,1971.358334625918,1990.8397872354412,2000.2123186538847,2006.3853578130957,2006.5705855525,2011.5833604813072,2017.2567386225776,2033.3453952835944,2052.0263593820987,2067.923482949723,2085.461604066925,2098.8209510372462,2108.878857856409,2106.0833849415053,2098.230101176835,2079.518733776128,2063.7349733524693,2057.4414685761953,2062.75080714057,2080.027440189567,2089.8714346882316,2102.227833978756,2109.695993043549,2118.136804435876,2122.03449713332,2124.737452091845,2120.259085811108,2115.0891684413705,2108.904492750598,2111.095172338505,2119.173838481055,2133.2342519633444,2149.0574945273156,2162.4946019653917,2172.6747345066924,2181.1407516642607,2190.082434176449,2189.4686742537224,2186.3767515748286,2182.7161181819065,2172.522537827127,2171.797628563995,2171.0878652996767,2187.89507724812,2199.2968920172875,2212.7623982606424,2222.9932343830124,2230.045534817558,2236.471356400649,2234.176391209136,2231.300594979504,2221.71971095026,2217.325641742311,2213.8487589026545,2216.866832531551,2224.7684610194187
394982,27,"Pittsburgh, PA",msa,PA,960.9734114120464,967.7245004175068,970.9400260397064,976.4595677941242,985.0031610822102,987.426775211097,989.1993071072478,985.1282527381284,980.9686207941126,975.9073617887776,977.00408875473,978.1375541700336,988.4254606247816,993.4167778661324,1004.9213312730654,1008.0900308223024,1009.7247859587106,1006.3853984259508,1004.3461252480768,998.6542239468112,995.2156487131838,985.6325751850062,982.9855829757532,981.0526560569018,988.9734859150268,1001.3322152524612,1014.1779345166098,1021.9477931197424,1024.6817832399852,1025.8615575697752,1025.6258153276135,1026.0118122177944,1021.1892455085272,1018.6485692329354,1017.9952682517016,1020.2609673919362,1025.188436440694,1033.0128355456868,1044.1640493326752,1051.9561631877914,1056.6189172198565,1058.21328496381,1060.629895939488,1056.1182945127096,1053.471240775884,1051.3039492225057,1056.9526926756537,1063.605832146179,1069.0248629320172,1076.2358203037438,1082.8453949749746,1089.2703174797973,1091.7295696516885,1093.089560820956,1092.77485771263,1094.3985308372878,1096.061417355308,1101.191324640593,1104.1089265997305,1108.6083019564524,1113.3930171999914,1120.263698413299,1127.5848438271155,1128.7830840696088,1129.6665855332442,1129.1202394328225,1133.379072203075,1134.6528420234904,1136.9763307223525,1137.37802989749,1136.5156323876938,1136.1997554383402,1138.8381115628792,1146.8240459007066,1155.4117844998248,1165.4291561389375,1176.9367690566617,1190.626560849213,1202.5830794040337,1213.8615043094887,1220.529698797303,1224.0732043162388,1228.2900134207955,1227.7209784589854,1234.9957758400944,1238.9537263979823,1251.0782018347563,1259.6389136903886,1271.6134861958378,1284.2013422166626,1296.8574951748385,1307.8236524590045,1306.571839987082,1303.1855714953722,1294.179781517264,1296.2231634954826,1298.7853587892482,1308.2479347464598,1314.2633046954504,1321.7705898382767,1330.063593485961,1338.356697467386,1343.2639491947132,1345.8667664718575,1345.8739625230255,1346.2624914942714,1345.516492049531,1349.5940319050053,1356.7388153931518,1364.2329967474525,1368.0587146902672,1372.197255633254,1381.2165519191817,1392.3819854126389,1399.3756769380143,1404.8514796745408,1406.06156253172,1407.1562894129434,1403.173812660083,1404.1190854799136,1408.341921873579,1414.7287469488138,1422.435563740758,1432.338386590902,1441.682945605188,1455.0146215713564,1462.5802174239277,1463.7198226942128,1463.1761089133172,1459.8378039714937,1463.4338703934443,1461.031527658669,1465.5740218360384,1469.2793732800228,1478.5450759029336
394466,28,"Cincinnati, OH",msa,OH,861.5795052749503,862.8594619772643,868.7273422753792,875.3670616792219,880.5397761434733,883.3010019175072,888.0708789001743,891.3465308713135,893.6001307544593,891.5737826354286,896.7371120053983,897.9601098189602,901.6288241619956,895.7943548971178,899.884173285393,903.589750462652,914.1223637388103,914.828896024601,917.5858051489682,916.6309267675456,918.6698038315508,917.650480231049,920.0305936168626,923.136597554106,929.6457852924116,933.7787721551886,938.721480302201,946.363469599367,954.5242570867622,960.897738149172,963.702150057858,966.5746520848732,964.9981538027142,964.8966366286222,962.4669526840444,966.0614196669936,967.5656594702998,973.481071329406,982.2858338765562,993.2264786707124,999.8369232911944,1001.4463850925612,1003.396635772958,1003.8121956166852,1007.5312296774674,1011.3940489235714,1015.1678696339956,1019.9110861088452,1020.132728371287,1025.0855790105331,1030.3356079611017,1040.2679547435318,1048.942773159108,1053.776176375277,1058.174595775561,1059.6931435757183,1060.0269707352063,1058.827997754851,1063.58817764185,1065.550433508546,1071.9841165445198,1078.6779393216125,1090.608249067274,1096.108976779426,1099.967826862892,1104.263996933822,1111.6175659716382,1115.6284377067363,1119.8238068617377,1118.2531215402998,1119.802635860188,1120.8152822855602,1129.7328716498491,1134.587736320267,1144.0294417675343,1155.2516975706174,1169.6061895566986,1183.9539147916296,1196.0726215105112,1211.904711179739,1223.777053073767,1229.035171088353,1233.345044984106,1235.292046429549,1243.522907928087,1252.2824558825073,1267.084872359612,1284.8061278256978,1299.3618167872,1316.539536434767,1332.7115685644685,1344.0266414696612,1345.810605404036,1344.2102779639738,1342.2026320356686,1344.7531272606343,1347.7732019341038,1357.120393477128,1368.4687207587228,1380.5494661181408,1393.5446425119353,1401.6368499901707,1408.3394523952493,1412.1788308520784,1413.38777660965,1417.5530411062691,1415.152049865879,1420.477894780465,1422.8951708013706,1430.7682814743844,1438.9308842085102,1447.4418900346982,1456.6843324838603,1465.8704756217912,1472.999426168254,1481.8969163475629,1483.9777183655813,1486.0899314294477,1488.0794804365796,1485.3016154893508,1486.1173805433282,1484.247941869014,1494.5149922233306,1501.9461633265896,1515.6322900022153,1523.4000519955189,1531.9146960726137,1536.1803601645513,1535.663452295134,1532.4797934883825,1524.5237318067684,1521.4322021311352,1526.4763240735197,1536.3536916775524,1549.064240175312
394355,29,"Austin, TX",msa,TX,1154.4212247089922,1165.181614035135,1173.16651884599,1180.2061974291794,1190.5974673176436,1198.778905855703,1205.3240701614031,1209.5344399104206,1209.1804746825546,1205.9732987704883,1203.1719606050517,1206.5475396350732,1211.637696547468,1215.0151202313295,1218.3492488028544,1227.4802500934995,1236.613700351336,1244.8309246354938,1247.9848318019235,1247.778696098658,1243.2925985201432,1234.826905776686,1229.9040701360789,1230.6554862517485,1236.4224084097568,1246.3155274365365,1259.3877145925444,1269.803930449299,1275.5371983371638,1279.516674250236,1279.616646890229,1276.946760076435,1270.1234915610485,1263.4661668502592,1263.1027446207074,1263.202720791971,1264.718840017451,1273.045730952715,1279.8362054529186,1291.0468317827738,1295.8210502551826,1306.190538174854,1313.833323403309,1318.1140323405816,1316.9640325285493,1316.160381546328,1320.0069099157745,1321.4495611486495,1323.6619655946258,1329.894785632208,1342.030637390092,1353.0550008065643,1359.4826053980378,1365.0083156154844,1372.956133935678,1379.2596192543208,1380.0869512659085,1378.1201550466917,1375.0156367693637,1375.7290079511106,1380.0392631503155,1386.5104021819077,1395.8356333334762,1393.1211728634903,1385.1213796911877,1378.4247354018012,1381.7335308302477,1384.4927306538273,1377.7797888633445,1370.0373185121184,1366.499144901963,1368.9541236344123,1379.917189504461,1395.6165053385214,1417.4796411663044,1444.663314201633,1481.6015643162536,1526.9589982825626,1577.525760234548,1624.13826503451,1653.7600185917065,1663.447112664672,1660.088531181413,1664.473002915296,1667.7128517764163,1684.3943971071865,1699.6113865595046,1724.4664625611276,1745.9884738256685,1770.2467479896934,1791.371887914204,1794.1743973870389,1784.2085153262756,1762.2042100689362,1740.760225738738,1727.4217553611804,1723.5897759349346,1727.5475138577365,1739.7352737331023,1743.4045110464754,1749.3805886484165,1745.4724945188188,1744.2558415704398,1733.5424934271823,1715.7961106405671,1698.64918164343,1685.2514707583148,1678.2340757360591,1671.4778154929895,1668.809187299153,1668.758840473638,1674.5595051188286,1681.289471415767,1683.8554394412226,1679.3754239456764,1665.677307946052,1651.2476667955143,1632.9355789993404,1618.8758358043967,1609.2088889405877,1607.2402001032794,1610.36784740987,1616.7172072333751,1623.2186375126475,1630.9994681615742,1631.0602472847895,1622.5904381598673,1608.1312866875203,1594.5521273097463,1583.8738272538965,1572.7899129381533,1565.3318499593215,1564.661842241045,1572.1013737657663,1579.0322709010477
394775,30,"Las Vegas, NV",msa,NV,966.8979773443264,972.0823590021732,978.6145319510168,984.6781014960334,991.8662680368474,998.1935117517462,1004.1308181830182,1007.0793146230204,1010.6347863382872,1010.6916562451936,1011.2515799544724,1009.5421572603688,1011.1153908730556,1013.7853280669714,1018.1254597223384,1024.979077922762,1032.026720421005,1041.517136552163,1044.957716220085,1048.6603857703872,1049.046464714478,1051.0212629502264,1050.844483389396,1050.291719814949,1053.990175592348,1061.6076198432015,1073.018099658403,1082.3478990087444,1091.0206241239143,1099.1202288490792,1106.5716446244046,1111.35148954288,1114.7273222053782,1115.8692940509563,1117.4537146500884,1119.8028915454397,1124.5124994461626,1131.86973694081,1142.1720009048097,1155.3961768660822,1167.4984819184035,1176.0905645528333,1184.0556694813909,1189.517030626814,1194.8318122094731,1196.437988731364,1199.938776033341,1201.683900263689,1206.7570241092756,1210.8658646020804,1222.592231187873,1234.0119337859187,1247.4102209877772,1255.6061256725125,1261.323260871173,1265.832771030677,1266.119188399416,1265.308129644333,1263.741297750906,1262.5236368035612,1265.326278835947,1270.6890376728634,1278.2427778958297,1273.6797173406214,1271.2776138709223,1273.044176457148,1290.011233825506,1306.9704672798282,1324.4909162321514,1338.0079588448407,1345.8814074586476,1351.2466601426763,1361.8263849186062,1375.7636892767848,1392.424954326117,1405.59306730797,1444.5101539452537,1493.4230967597814,1552.30298572425,1595.622723478124,1631.101515429817,1653.0178427292017,1662.1161722740767,1662.4204461117265,1665.0723336869485,1669.666406571596,1680.4083816727982,1691.335375623,1705.416661318119,1718.087911887092,1729.8351474138076,1722.2553382114345,1705.4590260799928,1681.3337244803145,1664.3045113907524,1652.2637385370326,1650.7827452999495,1657.576863622648,1672.5370349082427,1679.3989736790631,1687.76685258634,1687.9788338405133,1694.025705434461,1692.1174096638465,1688.4571390230278,1683.7939418862543,1679.2690017039226,1678.7363358752827,1678.7835931518946,1681.6696489781132,1692.0429522309348,1705.8825978893765,1722.9959428781517,1732.810276992286,1734.6012682137946,1733.0286132590666,1727.3125730361207,1720.1029418620124,1712.7661170393644,1707.720512215576,1713.5359145840105,1722.210302627983,1732.935835731475,1736.677596153812,1740.0111701051164,1741.2331618737194,1741.7853419411304,1740.6709685099652,1732.6750973491144,1727.0329513239703,1717.2295700999084,1714.5863818480498,1714.431135546807,1721.5227589196331,1726.839913721102
394735,31,"Kansas City, MO",msa,MO,859.6673783466522,863.346602779614,871.7550505162609,875.8248046657101,880.7658155040161,884.1118047030699,888.8893924711742,891.9599686889635,891.5202239809108,889.7735344941954,888.7834996517994,888.3203458658458,892.6050747828509,895.6274175420102,901.3870060872214,906.2871455146568,909.3214181536432,913.9840391777316,918.1232832237976,923.2941981313212,927.1773545571864,928.1818852609777,927.4217648089718,926.1704326825504,925.2570167405726,931.3099734833672,937.63164507678,946.853254285654,953.3442004736064,957.6944552158268,960.7514734720736,961.937050932134,963.431292865074,963.0819231719192,965.012675057906,967.0915075085952,968.5781656600554,970.9822000490544,975.7704779595784,982.1142134297228,988.7481552802436,994.3739489469802,996.3523540979248,996.6282077376322,996.9062706633856,996.696768821288,996.5442541963918,996.1444408443764,1000.1133944442996,1006.2234895023583,1012.5767626866424,1020.7396730669336,1027.839110262316,1035.075377899854,1039.707979054068,1039.5703189659364,1036.3369473134146,1031.481478416281,1030.247099693866,1036.2377337255766,1040.8463724022693,1048.4829063055197,1055.0440687636162,1063.915246407537,1070.3009738397718,1076.6472738230634,1085.3162016295385,1091.020341251342,1096.9058854193477,1094.56893560983,1094.2789908213972,1087.2998920033672,1091.9946936907993,1100.4537877177263,1112.9066407270525,1127.6345442814668,1142.7925873247666,1160.7306970536697,1174.1878060996514,1179.870040783739,1183.9920998762668,1185.3413247250007,1190.2076092976183,1197.1516910713535,1204.717265904686,1214.5740007540692,1224.5005089136855,1240.410103855336,1258.7905609262389,1276.315557517867,1290.9164021038705,1298.8950417575752,1300.2116251067926,1295.464490970701,1294.1682713428863,1295.7419983658738,1300.0679956972374,1303.783969591782,1314.3286351266026,1326.7588956928855,1341.525847364719,1351.2701974601027,1357.3449242185368,1359.150465295507,1356.0482622875556,1357.4149244763248,1358.7024148591129,1365.8105216708143,1368.5279956805332,1374.857700114145,1382.6698787602468,1392.660974094211,1405.926864829769,1417.2408819520083,1426.9666968831552,1431.203301414722,1429.8668321204236,1426.4459051967517,1422.2477870393038,1422.9809304357527,1434.5655137953613,1443.928120771253,1456.915110831978,1464.1452025803142,1473.315781553149,1482.8981105306382,1488.4726256882132,1495.5188588011215,1493.6345941720217,1490.8269433782975,1486.1557292338134,1486.335814259329,1489.2710950000132,1495.174247233889,1503.3240640764095
394492,32,"Columbus, OH",msa,OH,875.2152755781564,877.7041736388962,878.4533160343403,879.3177336855848,889.9085256648818,896.7613612989024,906.9307404503088,906.7172470253868,908.3590331312412,917.8639744349616,915.0826328190184,914.37099683958,911.281558409465,914.98669168377,919.8628137515384,926.922969172278,935.9464408428412,944.9262982810131,945.2929811895092,941.5548299272926,934.960787081164,933.3252269495058,938.763634247342,942.128819948544,947.7927963247452,955.2059817278002,966.4558203577752,975.207404040035,978.0910714239968,980.7427768631292,982.141831890468,984.2966163053964,988.5710092787882,989.1194730725648,991.5312918249344,989.8662969672312,996.9410222397132,1004.563411153002,1018.062280981312,1027.2089130387087,1035.347143197714,1037.9014708558277,1039.957167122725,1040.6255348811228,1041.1886863902307,1040.0354262972764,1038.2302383631506,1038.2800163353854,1044.8373008807264,1052.0110813857611,1062.710497876274,1069.6609053989175,1077.7680674573412,1079.6749916246638,1082.01457359347,1081.7027803758876,1085.6414321866016,1084.9762409549326,1087.4502393519942,1086.8027714264806,1093.177111707756,1098.1633499966704,1110.1469948096994,1115.520741434929,1121.8482679506956,1123.7939496536164,1131.276957465529,1137.4485821188348,1140.2257102012468,1146.6062362314733,1149.743160211922,1143.8991480127904,1144.998510636113,1148.9643028702812,1167.8660152417792,1179.2773498372278,1200.780697363695,1216.2230725113914,1231.754638846628,1239.972254512572,1248.1467840470991,1251.732948127759,1254.6442288619205,1257.2540937802148,1261.533252162027,1267.3270449072834,1277.6184550021078,1294.0674587951507,1313.8798314996418,1337.0614644654197,1355.513376480341,1363.5609400411813,1362.0163774818614,1350.4482190196914,1339.3108163771783,1338.1910976503466,1342.5781512122771,1350.2556411037283,1359.9243315844506,1374.091050135161,1392.1208768502097,1400.9075853949437,1408.7061846053534,1412.4304429579245,1411.3017354706285,1407.6080211063158,1405.328986868219,1405.0337404008312,1404.431455127985,1409.0585283165935,1414.641794586988,1428.4452579315737,1440.405852629725,1456.766319032016,1466.8545099012556,1473.4173844773557,1474.48660016339,1470.732686889886,1468.0902952566694,1464.8062255770622,1470.3999153179932,1475.1324768287443,1488.2461322575805,1496.417182640408,1508.6358498646991,1515.3129829482525,1516.2905155784151,1514.9391558293833,1514.2720542099564,1517.1428609513414,1508.1629253588444,1498.3198990461744,1494.0896202956926,1501.378491477305,1513.553430555177
394705,34,"Indianapolis, IN",msa,IN,866.2963349037705,868.733637826622,875.06649673787,879.3172830035902,885.0579891019426,885.8973869945077,888.1455036034404,888.5823357454548,891.009388549653,890.3352924686623,891.8253882545446,891.6588982154827,891.7864112044247,892.0298060355256,895.989229270152,903.1014019043608,911.1230359582094,915.3295626269868,917.8637629799932,914.077418129244,910.2505120722268,907.94785015824,905.5634151032124,904.7093641918492,905.6937953960002,913.687295349132,922.47464275114,931.2954000305448,937.8862303024248,943.2226031283312,945.4725006339594,945.3594326214844,944.3517902466378,944.9522143794162,943.682137264654,947.6647495326968,949.5012616092076,956.7389022209696,960.893461463603,969.0255875999596,974.8408914937078,981.0936453279191,982.457690559664,984.134985351488,982.7018522131552,981.1678031404092,981.4540944176318,981.8172487469908,985.7277109368412,991.1990185012324,1000.9146692517228,1010.9254933191596,1016.2824566010806,1022.1123168830208,1023.6371743503544,1024.0851632510971,1025.291051173258,1023.3458759908824,1021.1396981986932,1020.151967211534,1026.0902557902525,1037.8180942704776,1047.910845867535,1054.705947045196,1067.157205899896,1075.1160920015143,1084.602627102722,1090.4924848853054,1095.1920176448057,1100.1184164274089,1098.118425456469,1103.775910782879,1107.9478538193034,1115.5453093190292,1121.2691610815996,1132.565930941252,1148.9029250446993,1165.8546536651477,1185.3862699666506,1202.913788521492,1216.6032250809074,1225.279543466053,1230.037852358021,1231.785396911226,1234.483357525235,1241.6574198601147,1257.6726898037668,1278.0086738186048,1296.4208418433043,1316.082942099565,1332.5872729030211,1341.791962512406,1339.324018285034,1331.4489759289447,1326.806221023512,1328.0846969289378,1332.6687018827472,1337.5605178168212,1350.0729557236743,1358.3163982473827,1371.5000176798978,1376.6302130377396,1384.021918758347,1386.4779294206978,1388.2938303128074,1388.1533076202695,1389.019894245438,1388.778378719809,1392.873314385572,1401.2486096920518,1411.063605319523,1419.1720042642228,1428.454960422991,1435.5648756103024,1448.4056944882511,1452.7273675398633,1456.4435496231315,1449.6791374175837,1448.2471689873996,1449.739231129085,1459.134491046521,1466.2632191033747,1475.2721367167603,1482.439187062923,1493.6789511978068,1501.7629964778218,1508.631943686934,1505.930775895884,1505.3148738045754,1502.919574270666,1504.5713358050507,1500.9216907671178,1503.676069853496,1505.1286500006297,1513.5063950599276
394475,35,"Cleveland, OH",msa,OH,801.7951568469501,809.1265259393846,813.0857459064191,821.4297930554123,821.9011576854136,819.7358667040809,819.2776998324962,821.4126388028953,825.9673990375434,824.7010362631333,824.6889989881653,821.2395257565612,826.5711047479208,827.1469544221526,829.7421612123163,827.869827104829,835.8145895904445,840.596189548829,843.6272748820749,840.3292932727605,841.2550698771889,843.1272733275554,841.9485834220079,836.2472276556327,836.2092022488034,841.2313294896536,852.2123517172503,860.8508389176111,866.9584136009213,869.3500619110961,867.1440438931277,867.3771943509728,868.1413224314623,868.4285981453755,868.3877781605265,863.0341255779683,866.4978922953775,872.10937588371,884.1030458672167,886.954012558447,889.5623946475616,891.8817377700068,895.04492156633,898.8827177671714,897.3843603571958,901.897478068862,901.950871892528,905.7237656327956,905.5688187022586,910.433742938746,916.949122562838,926.294780609014,932.9507421266192,939.2852973381536,939.7809358093182,941.5501530264554,941.811207635374,942.4521743980648,937.5934606429656,938.6248289484786,939.7285407643948,950.9117616770786,960.539352335898,973.074140426249,978.4486586831686,984.8766275985732,989.8893351320132,1000.8408680932394,1008.0829688490836,1009.2993847064972,1004.9230536925216,999.7623934599698,1007.1361032454232,1014.955653941012,1030.2222448552525,1036.6529374869635,1047.7335153443462,1055.640792962795,1072.8517210661305,1083.1250711200942,1089.6610975701687,1098.9993198077511,1102.950254294465,1108.574899306851,1103.3828907058596,1114.9666957820953,1127.9859666708749,1144.5959000660696,1157.6006025577512,1167.251834418783,1174.80469883454,1179.1468863292778,1184.715610629604,1183.7185467614297,1181.902512857076,1181.478016593493,1184.3532853196782,1188.64435614557,1196.224610825643,1208.6452954553192,1216.791124405697,1220.4552755936568,1227.8474491640447,1238.4964138583557,1241.0475309135525,1241.4826921721558,1244.3224523153149,1255.0015067405782,1263.0522895497286,1270.6006439182845,1275.110201068528,1286.1723287822922,1296.7596416790357,1310.330623287501,1317.6019139382072,1322.3541142995937,1323.3484691487304,1326.1644553081169,1333.3397248706472,1340.2296124056954,1348.5269558234847,1349.389255651084,1356.874857160372,1361.1051942865363,1369.4042296888676,1374.5246851223465,1378.943801331062,1381.8100501601707,1388.2847599264214,1394.7871108059603,1397.6323690147287,1400.656451273381,1408.1771972691863,1417.693820329726,1418.9251664691158
395059,36,"San Jose, CA",msa,CA,2455.035596805485,2464.2225983138346,2483.445286021669,2519.4012650839886,2577.6297696722017,2628.5201017512572,2666.8357843031863,2679.1872615304046,2671.9444706621857,2668.9264972944097,2655.695615231586,2655.628049103112,2652.978047704056,2667.7462878467413,2681.79264287619,2686.6947629388997,2717.4735623199813,2736.589759373021,2753.501732636096,2725.1825253192733,2701.729266882793,2670.3683900773494,2657.843069836201,2651.3756628091865,2670.7136952103424,2689.783206691319,2720.973402441273,2739.959450024192,2772.9228995979142,2796.896958507527,2813.6032679372324,2813.9866573551913,2803.548419434142,2790.6857014271873,2779.6144485002696,2774.774579086531,2782.9771233074134,2807.268422406635,2833.2559371218163,2859.440424311188,2872.2168950275927,2890.8957250606745,2903.3412342215856,2911.5474567809283,2900.0823644413567,2880.293856134057,2869.8239991150444,2868.819435718604,2876.8360438965096,2882.937986993931,2898.8330343596604,2918.6406133124788,2940.1710989383455,2958.9802522990694,2971.729637169992,2974.382199972051,2963.8187758264767,2952.6337343776527,2938.7690805090874,2945.126831727622,2949.0000551663484,2963.491983905679,2975.2179531349257,2971.876379685394,2959.5758819732987,2929.2037894382665,2900.5301955781306,2862.88156674393,2822.516722197056,2776.4399294512423,2747.0657433386764,2720.130877902667,2709.917230751618,2708.624745498712,2721.0182212797845,2749.922715639943,2786.9992578204424,2832.675449947586,2881.9053247082797,2920.64644125131,2941.3761683710636,2943.299395295398,2930.1623393758086,2926.9361790106905,2941.3923324271445,2972.188937777315,3007.6873833568216,3048.4308565181104,3089.2453105636096,3136.516450643939,3173.1581038149056,3194.225352778121,3192.4543118364863,3165.8365876281464,3131.243020852429,3103.5191134409497,3100.3646554290685,3110.63543262702,3134.1900568598753,3147.1535708691417,3170.5923455833267,3182.7946055698803,3198.88398649807,3201.502705433077,3190.2813102849095,3162.538846862044,3128.492068707225,3116.2227089506737,3131.1015941527835,3162.581005728018,3194.0629729848747,3217.0953052226496,3249.692685417865,3276.888780312883,3304.331804110543,3310.4652255329156,3305.5502042096946,3288.731304902089,3268.827042024129,3252.9465576548314,3257.703590611139,3278.026561932912,3310.0220051244028,3336.2058869584407,3362.223792668383,3388.0012357327387,3409.8038392856374,3427.1107478430827,3425.544510822814,3416.0278302419943,3408.2485594741497,3412.010398716344,3423.071818603949,3445.5044051973823,3469.7056544040292
394902,37,"Nashville, TN",msa,TN,1124.0508208459537,1129.6674913863308,1144.0627133132136,1149.013990705722,1162.503541840665,1171.7933311120285,1183.2330118701257,1187.9347356387516,1186.517876640357,1187.0443128997758,1180.498609801983,1182.4573081910885,1190.3993010923116,1202.242950851003,1211.9802078627329,1214.185162293736,1224.026519812079,1234.9548479936907,1242.18022541043,1248.2642155422222,1246.2380327488015,1243.9247420732347,1234.132033853842,1233.2837222280425,1241.0532458932385,1253.1151543995395,1269.220600096616,1278.9507894702483,1289.3245906318136,1290.5811501270118,1294.7730341153297,1298.4112791412228,1298.1078036844149,1291.075681646845,1281.3738546518923,1279.8676403943632,1289.2089595583216,1298.6972877697008,1305.7239946481698,1310.3495999933905,1318.7141997541617,1328.5766099552848,1331.806186041692,1332.8159579662397,1325.702613698708,1329.9606075709703,1325.429158551573,1327.9411925298868,1324.304644412062,1330.287358000771,1344.9610205890244,1357.0286934347694,1373.068888967508,1378.333509992347,1385.2055777340204,1385.6224565085192,1383.073694792775,1375.2699872456324,1375.1735658488478,1379.0172295303162,1388.823267298318,1393.9425660206596,1401.349797076197,1405.379517271204,1408.5435804280926,1411.1504433515,1413.6681424296776,1419.2220067485052,1413.938239972379,1413.9311547821292,1406.2817610323184,1410.247786107309,1412.5547928401415,1424.3941242583587,1436.695056438304,1457.9853155230962,1486.559407009498,1520.0064437418011,1557.170175172437,1591.9879546472466,1619.4965980881736,1635.6179920550987,1640.9307017178887,1653.6678688640925,1663.4014277376052,1681.353074726043,1695.661926306401,1715.376393014611,1738.4084805779676,1762.6959583523994,1781.467693751534,1784.2196182210532,1774.7494289762928,1761.1541987920575,1755.0783362551097,1750.8529516885758,1754.749091460758,1757.7974511812329,1770.1356683622294,1776.5600601608226,1787.72528162412,1791.2885819488497,1794.106558508304,1788.4762501405714,1781.0681519373932,1770.0206427929584,1757.8851668989926,1749.6340645043558,1751.9735214836398,1758.1137760586696,1769.900750939301,1779.4739626938383,1792.8616373829764,1801.825633378548,1806.460486846954,1804.6583871171656,1795.0697819804896,1783.581523422573,1773.6118515821474,1769.2454060956522,1768.7976103785838,1776.835595538547,1787.55171520199,1797.6950390993404,1803.6954598377083,1809.324022325242,1813.5977535414152,1813.1959110787768,1807.4279321040524,1800.3325438178476,1787.6663075657964,1779.4936886282153,1776.6615493540066,1780.0905385666722,1784.0805485402277
395194,38,"Virginia Beach, VA",msa,VA,1069.0786082053646,1070.104685808524,1073.3262256722944,1077.6590982906523,1083.502141072246,1086.078707892097,1086.0780961645614,1084.7116518707464,1082.005617911866,1080.6807307903994,1078.7963889387197,1079.2194598640554,1080.472798865023,1083.310759659386,1087.242220663581,1090.4489702731105,1094.2422359024106,1095.8428289372887,1097.3873554539068,1097.0388413445714,1094.6005218703488,1092.2477430726303,1088.521735440567,1091.8290125168226,1095.9476589439548,1104.1777649053297,1109.8660966096488,1114.1617163669605,1118.0663711784232,1121.8188327549165,1124.481162782724,1125.4296097591127,1123.631017500616,1121.441409570124,1119.564586830339,1119.802810220115,1122.3707010503597,1127.534449194569,1134.8828053851578,1142.2349434466114,1146.330776441228,1148.963438691325,1150.4313208503652,1151.7210553592251,1148.6027373305967,1149.151047443415,1153.924192711489,1158.5013137825388,1162.2296106937354,1162.6492700106865,1170.7120554077296,1175.0283448092891,1180.934574676594,1186.288843876055,1189.0068656226515,1192.5488030670583,1191.7923878938805,1193.7587799461082,1194.6664877199296,1202.4330012989146,1203.1159599193584,1207.0128633285833,1205.4058945283462,1210.771352394631,1213.5391238068162,1220.794871378716,1233.1776033601989,1247.282792628636,1256.303030994178,1263.0494709722946,1270.1150081299834,1277.4547000720847,1283.7581674170883,1292.0545585593,1305.6091839680655,1326.6890799255832,1354.8756745606026,1385.7480019285213,1420.1060601977524,1442.0981063887248,1461.5025345964957,1467.8546133053055,1468.8383296285317,1471.4022171416946,1469.5649313126548,1477.4548285202443,1487.451468420904,1503.377200465628,1521.3438112438985,1528.7930341706865,1542.9062601528328,1549.8487785834066,1561.7505268226216,1562.1506805099073,1558.9832312530064,1553.6509497284735,1557.774070360475,1564.859357537296,1579.225768563673,1590.0679313921105,1602.64274167316,1602.739143322843,1610.0625238266134,1613.63207662549,1622.8704502516666,1622.08425494476,1619.4862046069295,1617.348799039135,1616.1599155961435,1624.0327818738187,1638.1842359151142,1653.338331046607,1669.2549965047947,1679.8214017275632,1694.7474205181895,1702.3366006822246,1706.8898844442997,1701.9849205941546,1701.7451509205457,1698.6232731122368,1704.7776873488754,1708.6806476605684,1716.570034758375,1727.0408606485007,1742.5572869065395,1758.9600990354063,1768.9744527864232,1774.5969036854865,1776.4205139521,1778.606284211106,1782.491448764886,1790.09573279627,1798.1091114680275,1806.3996624188433,1819.3044546157373
395005,39,"Providence, RI",msa,RI,1026.0879275968275,1041.6576966376947,1061.42813344536,1064.820088343645,1069.5689087945098,1067.694850507634,1068.9407501428273,1064.0588559666564,1063.080636567324,1069.4622140136928,1073.728236597229,1079.177479022899,1088.1268975833943,1100.412263933193,1110.7309743811074,1113.7569130883007,1120.0857807018192,1111.302276155656,1116.9809721121562,1117.5243662276405,1124.185026432063,1122.4086277865752,1126.175094518823,1141.296930442538,1154.8053695001574,1165.753730729828,1174.3336806846391,1180.048466872919,1184.0154512364286,1181.7665469598774,1187.496914098388,1187.37603263789,1157.8923465240912,1155.282837844787,1159.545746350096,1195.8762313811849,1209.593812338432,1221.7201192934913,1233.674383053847,1236.3780137714352,1246.3069071678349,1256.279010770912,1257.2009880068504,1251.6902875507392,1250.167537799409,1248.5997465005698,1253.7639025002145,1252.9120682009986,1269.1677237456786,1279.500292320491,1293.146365475808,1303.7197227996671,1316.5760944531348,1322.5354999945005,1319.6200518050434,1315.628234003961,1320.2653014897471,1321.0845283587005,1318.7094340153403,1313.5397051931077,1323.9053719038386,1343.8137471723262,1361.6643034447136,1370.0649514821062,1368.1258572318295,1370.9661153927584,1378.6162928451597,1389.5766217961468,1402.7456109608113,1410.7512383289118,1420.7071439474412,1424.4898267998128,1434.2825250538394,1452.0947281049907,1473.4497630127837,1503.0435099690535,1526.2386630404137,1541.535359211739,1555.7003203915629,1563.7184125021076,1583.2944962322815,1588.2482572245312,1595.8284819949513,1598.4271354160187,1614.669519768318,1633.1202825570629,1656.7308371407184,1680.5397616716136,1714.281651525823,1740.544561656046,1757.4053033500954,1757.8330156495683,1752.1702506973431,1748.010716581377,1749.313194525325,1757.5116147059705,1763.6848889055032,1772.4083657731985,1788.8589848917334,1815.3221553754631,1838.3070805160712,1857.9989173231752,1866.809767451612,1874.4703771763052,1874.7046318392609,1870.9341081000985,1869.1125024426085,1878.1333877820164,1888.706553978836,1905.3942804398855,1923.7115070691193,1947.4069058565565,1961.527763060468,1970.6654892138745,1977.563018863532,1982.528573021441,1977.8558234229083,1977.512869607089,1980.5749465058009,1990.068092123638,2003.4047892911497,2010.928570855208,2028.3066831371468,2042.2746553188656,2068.136746977949,2081.5914049192097,2079.823237046092,2070.165931349904,2068.0640279262643,2078.173073590599,2087.0670866462874,2091.5255525337934,2094.3029189181684,2109.178760782772,2127.3318326062013
394714,40,"Jacksonville, FL",msa,FL,992.2811489339364,994.5064056516036,999.4595013844164,1002.6794032639724,1009.7098919219222,1014.7237478058672,1019.5846374004724,1022.8946682487508,1022.5241206771012,1024.7719850619403,1023.086998423309,1025.6371952706877,1026.7622352783317,1030.6574676611883,1036.3066386047828,1042.0119242871715,1049.048919017191,1053.432768566709,1054.1035372723538,1055.9140374656588,1054.483118864182,1055.9389385672905,1053.5247880061452,1051.9023156541916,1054.7345843761143,1061.0405224097894,1073.826062410498,1082.261005981545,1090.49233591757,1096.731018836287,1102.628960172125,1105.3369271698166,1102.9159322248229,1100.7260213610978,1103.3090123136128,1109.1366561711395,1116.397917910544,1120.1023421113075,1128.5213749366128,1135.486462563961,1145.925833242554,1151.9740956211715,1158.2489861269771,1159.9031005513264,1159.3376104497152,1159.3591002987705,1164.8948955808444,1168.0006458374564,1170.8714408815122,1172.3536829927089,1179.6424417052233,1188.3188321149007,1195.66955323522,1202.0310480667742,1204.190423080678,1207.9247997246769,1208.8298478528347,1210.2296764407336,1209.2181300172515,1213.4971931123916,1216.5876851866676,1222.564161112291,1229.4832547706212,1231.761518822257,1233.4213033223798,1234.0871130001765,1243.4463105887974,1256.460357231032,1264.6561084933635,1272.1116064572211,1276.0259612654008,1281.8699699195145,1293.4719585698654,1302.444364402796,1321.4631446911108,1342.7997909376584,1374.7310856723543,1409.62134681644,1446.7541797243707,1483.040360574571,1508.771703472388,1527.2864742265983,1537.219166247339,1547.967175584039,1552.7399220652776,1565.6754625378314,1574.5554688755094,1594.840251191008,1609.155299787947,1630.1805665668776,1640.8355082059857,1648.3830480131603,1643.9704951891642,1643.3251902996374,1637.3835060160186,1632.9184077411885,1629.4026141899917,1629.74275383652,1641.5741197255795,1648.6728086671772,1659.4304052855264,1660.9490842237658,1665.3507604899037,1666.3555621451212,1663.1628916458658,1650.6512194865525,1640.9441387310665,1632.4501192393689,1636.2275341272075,1640.8484531290342,1652.2323450153497,1660.084620692695,1668.5715556173127,1672.076593844041,1675.7591154189754,1674.152550764922,1669.52676199571,1664.4157561351851,1661.1894483223236,1658.7743703962344,1660.1551122141425,1660.7867457064524,1668.8709430993422,1673.5665431870475,1683.3166270235622,1687.9102901368783,1689.4838345556316,1688.7490164131505,1688.316106834713,1683.260800421805,1673.6608304109557,1665.804363517192,1664.138378013585,1672.3666811360968,1679.411866832154
394862,41,"Milwaukee, WI",msa,WI,960.2781663383872,945.9824496408949,954.6037282346816,963.48617192132,975.0235931026416,981.6187748746188,984.435203617063,981.1796935594592,980.6290729332108,981.3448486418336,975.0739723772851,966.0533760379031,964.274379265908,975.2737315443728,979.4599371440746,987.3348747773806,994.0162827168684,1004.3018456695354,1001.545983832664,996.1275885594569,993.6269227668016,992.9816878384916,992.7914968131028,996.4649307841908,1000.463535565741,1001.172534692856,1003.9658578304944,1010.697732309792,1021.4114798624272,1022.8474794185676,1024.2645985991967,1019.2371574043252,1017.8805015960264,1011.2512524495108,1011.9172424097112,1016.633621167596,1025.9605690925175,1031.414067705792,1038.0874630239302,1043.6160813545737,1050.819703930404,1051.8299648386178,1052.289393389187,1049.5897747788265,1043.2403053276432,1042.4445658424395,1038.9118023804174,1042.054548161679,1047.0169117807395,1058.352872313323,1070.0368046562628,1077.137148401796,1082.0067700287336,1083.1802941073322,1084.7989691521052,1083.01708069065,1084.9133888712456,1081.086783728966,1080.9001092817202,1084.4106871918443,1088.8494559828569,1099.0076065655612,1104.1338076787947,1111.155680044199,1113.325456576467,1114.7373589974122,1118.8437765004749,1121.262655359336,1121.3020241099384,1121.0998000397888,1119.5449998242389,1119.8586837279108,1124.5178971213927,1133.8561777367445,1144.4443888770827,1154.611547038591,1164.0948685554388,1174.9605742202334,1179.7171315654862,1187.3823929226417,1195.2033966223169,1204.0024078488273,1208.4982416255186,1211.9107521957342,1217.6348252092553,1224.7343419932645,1235.2945820882535,1245.9053420103853,1257.263562179395,1268.4810984245082,1278.6183778993675,1288.9672206919104,1290.1895766095931,1288.5301422059292,1285.6398902443825,1290.8535345272742,1299.6483934547846,1311.48092565558,1321.5230441702806,1333.0273552894344,1338.9583692134927,1344.4917558086538,1352.293772164764,1358.175445025761,1360.0903379996637,1355.8295220508269,1358.377940097219,1365.0382252105474,1372.1135833721398,1374.0524770660852,1381.7524417606828,1392.0318926010991,1402.922513912254,1411.763860075425,1415.4928877212942,1420.6685585176983,1417.980818058851,1417.059348977226,1419.6591654939025,1425.1276525504256,1433.0961359596877,1442.0981008401366,1451.1699191597063,1459.1953091039757,1464.2496730019543,1469.668410047321,1470.182935786105,1470.9453272134551,1473.7044238779729,1478.333147355777,1487.703033684715,1487.383001277216,1490.6464373852552,1493.6347237293614,1503.898724650894
394935,42,"Oklahoma City, OK",msa,OK,911.302087504276,909.9234947791642,917.0725205651636,922.5993605115904,929.37434687015,932.6556884842718,935.8440603322192,938.1472030880436,934.3199151780608,930.0352438996003,929.7247181468528,932.2751200796616,935.209593760128,935.6499830097088,935.6185392082986,939.406448350479,940.5362697016318,945.5244311127502,941.193114868207,939.4107262578652,933.1848020719935,930.5029054152164,924.481348004024,924.7009209630532,925.7151077363336,931.2741369313956,936.6690865562356,944.8309185323972,950.9574828659712,953.452507847854,954.2237763010752,953.2429157828944,952.3982461926718,947.8765531634506,946.4617516373854,945.1745999900526,949.097286266732,951.6967638874066,959.3873414111964,965.1794209857144,970.0140595729584,971.5800688752706,973.1258827987708,974.8555278411174,974.539814534903,973.0985385384076,973.3921012017594,975.7015599737904,977.8726670092882,980.424407798593,987.4512382231538,995.4680545315427,1003.2373945618798,1006.6571425562588,1008.0390048153896,1007.6071198683348,1005.0222475169024,1003.6362537225392,1004.755382330035,1004.5833041787972,1007.8097016385934,1007.5733054555176,1015.0729855634096,1018.647746965722,1027.3480811580655,1030.5005361352369,1036.5696728558978,1040.6937370498044,1044.09984775442,1047.7614110758843,1050.49964490222,1055.2642333877109,1056.9752119335762,1061.4630683837058,1068.3406160754964,1085.0437729713958,1103.0142834760438,1123.3257736600335,1141.2274225663489,1157.7410003559166,1167.9893515046683,1171.2921875725058,1172.560682146622,1174.6267112404705,1180.4372343294,1187.533312956847,1198.5237957421346,1212.9708553269604,1227.5695934314017,1240.9935757879482,1249.885087784351,1254.4701652949536,1252.7909776987788,1245.9774856115705,1241.9958952067036,1240.781474854388,1243.237975580291,1245.9578196017628,1250.855810493991,1259.0870428538667,1266.5642719976634,1273.3048870192526,1278.9859214115163,1286.072671924185,1289.4478549794678,1287.919338236117,1284.4027783036954,1282.9624591049353,1285.3714571991638,1289.871339791073,1293.161103842533,1296.193288560807,1302.5225665450942,1312.0746815625978,1321.2222531185405,1327.1962389437872,1329.2994325789898,1329.3863758753555,1326.0428162420958,1326.905577325609,1330.665247316346,1336.0355339838304,1341.4305311974058,1344.8029213566851,1349.9287776257274,1354.342156307767,1361.7521361576669,1367.8271763443213,1371.5641042921948,1370.3749521950454,1368.2678990382897,1365.2281775342806,1366.7436583570786,1372.001764126111,1379.2916590501306
395012,43,"Raleigh, NC",msa,NC,1055.2427922227807,1057.3538090973814,1065.348789878888,1070.9316240012056,1083.5692100487042,1089.74577190308,1094.6451520961955,1093.6244231045755,1093.0502444506978,1092.5786439848323,1093.3921902102156,1094.5324612918416,1095.981345322087,1096.9612618979093,1103.915234994565,1112.529259314992,1122.5967513669527,1128.710408764291,1131.131535864853,1131.3757067098477,1131.599590057593,1130.240971506343,1127.619303288948,1122.0356214854485,1122.3011036662706,1130.6610969472338,1142.325286194781,1155.197723617899,1164.902352503068,1171.6175013593763,1175.2700004182818,1173.3750279391238,1174.5697388426152,1171.7740768107994,1169.4175201853352,1165.520093015729,1168.988757154459,1179.342388874902,1191.456093004952,1200.9548343385884,1209.3418743529064,1213.5103950081725,1216.9989601008076,1217.1012255216235,1217.3641883978878,1213.3760145080705,1212.843551388024,1209.8832582800228,1214.382340297477,1215.6583811561711,1226.5016363142347,1235.8229357377097,1246.8633283133893,1256.2616377870727,1262.4792239114383,1264.9761792304555,1262.0059187276895,1257.7214302763994,1257.62120831712,1261.9585411691708,1272.1499557701773,1275.784503484084,1279.426878774818,1276.0304201583228,1276.222671777397,1280.8138024249806,1288.226330292193,1297.2020924639992,1299.606673456531,1301.5516753110148,1304.266682343556,1305.1035796896638,1310.674178626803,1315.3375313076087,1327.6542621891977,1345.3286651679718,1375.6954065778389,1413.7430319849952,1451.9399345346224,1483.3643187705295,1500.905740702574,1510.9885236122843,1516.9634458384946,1523.7793142136231,1532.864505352795,1541.6762589006037,1555.515452114972,1573.1126359941534,1595.4711136442495,1621.978718585323,1641.7751615460345,1653.3260580532192,1653.1029897060662,1643.6239563370264,1629.5905722202683,1621.3110164461834,1621.239304370161,1629.4753898342556,1639.7459564223284,1648.5146537139146,1658.6744648498336,1662.809898042628,1671.8072308733545,1671.7092085802635,1667.2871821835456,1652.3801723619745,1638.052621262552,1631.64588959079,1630.5288717371693,1637.2111336259966,1640.480888232487,1647.5250350853512,1655.280361285768,1665.9316418397327,1672.222065063963,1671.9491978347246,1662.066986474401,1652.7667320509352,1643.4034056124492,1642.9329255732223,1644.6491478233245,1650.808472338628,1659.1826465574172,1665.1953596428905,1672.7689101252936,1675.1715227422312,1677.72671567389,1676.9779967790143,1671.0823599883586,1663.8257570933135,1654.8215208006047,1647.8275706391228,1649.116942720343,1654.0060217190314,1662.0049701027958
394849,44,"Memphis, TN",msa,TN,886.9432784407267,888.8278301639043,890.2865637506636,891.3517417416989,889.8692512148814,892.4377960122207,893.2772325735933,896.4332282723891,896.1812658309725,895.5649170930109,895.172702225432,895.4869603291362,896.8031743315598,899.0240389531117,902.0179788201305,904.8941090216888,905.6045979693704,909.1965861633096,910.4967532195816,912.18557520517,911.0656318776162,910.8758246814006,909.5262315553288,909.9017799834072,910.863061966382,913.379826470722,915.7831853382884,919.6741795519172,924.0369638847076,925.9203534902514,929.0310307996248,931.3801453319436,933.1904342656956,931.7034526089288,930.5451703702548,930.902525219944,932.9253619948436,936.3758231818548,940.928539219302,946.8230431236248,951.6734471900468,958.3360395300028,961.5896876276686,966.26162974921,964.304269290296,964.5662499093494,962.2343049655824,964.9882953399888,966.3354757134908,970.987286777126,976.004815486732,983.0024473384942,989.3750827784124,993.8155712891794,1000.1261468149492,1002.8699218410044,1004.6187544626856,1000.6422506762036,1000.1784024518412,1002.8053410525064,1011.0362397782768,1018.1987775112274,1030.846735147166,1039.374429530539,1050.3937166070682,1060.7315349697287,1076.355395662528,1087.859578933791,1094.8234228835288,1100.5342139589932,1108.3082110840803,1114.1467792834096,1121.6948723797548,1129.7931501612736,1141.259034816044,1156.3706143338195,1177.084693267481,1198.0844387502598,1215.4322839361143,1232.4988252661462,1247.8919404965914,1261.4449332589309,1264.45509478953,1270.1209485029344,1272.0161723881922,1280.3960528287023,1288.191528075621,1299.3359271027298,1312.0408710041152,1324.7060569389175,1333.7043877637236,1332.245920229295,1329.5851862683503,1323.296620177374,1329.538403288363,1329.2384479194525,1336.726559542206,1336.2370858663585,1345.6445127581037,1354.07902807346,1362.628143003608,1366.478856027903,1367.6895826839782,1367.847912778188,1359.7000262662254,1352.8114705651665,1347.719622262212,1357.6299148415696,1370.9251015132843,1380.5378310342076,1386.4992478657537,1388.8117893935655,1398.0915396394932,1403.962634974698,1409.0304362131462,1410.862614262204,1412.6149829112126,1413.7600852871678,1412.8610218874592,1407.513428043576,1407.429465747889,1411.7083881635658,1422.219277159152,1431.090837322561,1437.3369241242824,1442.2387352967437,1439.057501098681,1440.5207544854024,1439.2614940396163,1441.0374573799236,1436.5771675646754,1432.446382739233,1430.9162849941574,1428.3808688748454,1434.5016418436462
395022,45,"Richmond, VA",msa,VA,961.8138082054472,968.3002831448198,973.8044872577012,978.4957930343083,979.5070502330196,982.5378218134682,985.3474076419562,992.5571849451852,995.0530634943876,996.0263268367936,989.5069999031842,988.880480623936,988.4025384409134,990.9081370350084,998.1649537291772,1008.141893217052,1013.9225957767392,1017.7116248440168,1018.949642658843,1020.8317123512638,1019.048481602534,1017.4143597108052,1013.6220199674816,1015.463453173163,1017.7989694915624,1024.0692979023015,1033.7726175489609,1043.1736675197003,1054.9912323717392,1059.3581134129083,1065.5177496156489,1065.8941465367582,1065.4837020255568,1061.926702717358,1063.2665804749129,1065.698772141237,1071.8617562294903,1080.179656934583,1087.4631293683103,1097.601268280594,1104.3408779220902,1114.0742581149898,1111.93127940537,1109.889331475328,1106.5123286460146,1105.7347415607758,1113.3268469156174,1113.0476643125655,1121.5471654604617,1124.48988318809,1138.3927491915456,1149.9747519782477,1156.9575154527602,1160.2810279450853,1157.8788088452436,1159.374566305592,1157.5844236164826,1156.3265761385771,1154.6494976862562,1158.796265071899,1162.2051041666675,1171.123515893563,1178.835292524873,1185.4005112739894,1193.8966219243189,1197.0627560728817,1207.196567784394,1209.3204509700154,1214.5689279859066,1216.9227719560242,1220.892930371337,1221.7914360810576,1224.9463393917272,1231.401102766349,1249.794621241355,1268.829682378471,1292.5493838413674,1313.201459086779,1334.8569826246635,1347.932812991748,1355.715310208383,1361.9754339968945,1370.9156794202302,1384.461543200005,1392.16883358717,1404.4495055719942,1417.5352838148615,1438.927138935224,1459.1185966352673,1478.9146682741514,1499.594277870399,1507.3113857328774,1509.0422192172043,1500.178042564439,1495.6178881416658,1488.588172559474,1486.972555812384,1490.0148954967694,1501.0857450705707,1512.276783699917,1521.4176093869269,1526.7813031327803,1528.0494686520965,1531.0903472628693,1534.2338392495549,1532.299179716396,1529.5438261133866,1522.928622846168,1530.6677054824056,1542.2103289426946,1557.7720759540643,1573.929999594615,1584.569258940908,1599.1253903880922,1609.9982036166527,1618.284331417971,1614.7175036615797,1606.8515046096966,1608.1907501285757,1611.873415368753,1613.7457770765348,1618.551796037876,1631.8941842261806,1645.7534429773864,1655.9143460963044,1664.468466017487,1678.5958909279177,1680.7021919889748,1677.4173171974658,1666.170194222215,1660.6007327727852,1661.1932152989662,1670.0200309427737,1681.8435892039531,1690.906071815458
394807,46,"Louisville, KY",msa,KY,805.2486409342013,820.5811111876775,826.4337890014123,833.3220973112375,827.5649584570725,832.2043082467097,830.7814902502209,836.7822403004787,834.5006112379967,833.1331289909326,830.0707220310417,834.5008198882138,835.1954123107583,839.6644839350254,841.5386053361266,850.6569287410715,855.71898079834,864.4598809016464,868.4870423900402,873.9228452168755,872.2248306552219,870.0097513095552,865.6637868946688,870.1496777165734,876.2907474404324,885.6861522224195,892.5587596213394,900.2312492058621,907.293843384625,911.1969556852882,912.75603671066,910.6941639072804,911.9225458526864,908.2991510952852,908.6123835983632,910.4191598662536,918.0606368513282,923.0233712057908,926.2581822297592,932.1418192171122,937.6028364755634,938.7437496353614,938.7326479576936,938.1476494636164,940.6406040208204,941.5925949873432,943.266137295761,945.1741270790684,946.938110132248,951.0156026382344,954.7403590410888,962.8377924858352,969.5949353576524,974.596395094701,973.720103992543,969.926898580856,970.1879443281234,973.5760169397304,974.999468400614,973.7096974886764,973.519997339501,982.387143887436,989.7040257824824,997.9976013926575,1000.73540258122,1007.8504175816618,1011.7469614575436,1015.0867872540424,1018.34283218632,1019.7207236216036,1020.3487610764496,1023.5338634863484,1022.035378988585,1027.2935274306244,1028.1382800323368,1040.6395938745543,1049.6546742995445,1056.7663596930115,1066.5468429799378,1076.580983444043,1090.1324695759645,1094.606906248847,1102.0062374974498,1106.8446729299576,1116.715492335569,1127.7941340680186,1142.1066845050404,1157.4486125997587,1169.2858070357693,1179.642905300791,1191.492991099712,1198.6013642467742,1203.0725387110413,1200.2073709769277,1202.2913299962388,1203.7137284212592,1209.8246486465514,1215.6984257310262,1224.7492563966068,1231.6284082111542,1240.7897983838675,1245.5837158880558,1251.083481965672,1250.2033186249078,1254.005895255425,1254.885993192548,1263.4507299965678,1268.4676149024162,1277.897338598122,1288.47976985502,1298.540051667005,1310.569037297061,1317.23193954758,1326.087776952566,1330.2784153650814,1329.706181921933,1328.8488549691367,1330.364821868591,1328.6786162410071,1333.000651555048,1329.3701320890502,1335.84795304591,1339.5813408503898,1347.791332343653,1353.6895859294184,1358.7510666008784,1364.6857186468685,1367.406961010203,1366.7408360949264,1363.11402492485,1359.9424651521556,1359.4659749849204,1362.166703983912,1363.0616577119622,1371.3713558427746
394910,47,"New Orleans, LA",msa,LA,1119.2538331172116,1125.7557073154724,1130.2587224832253,1144.841676219109,1149.4097386493238,1161.90449881421,1170.2687076539648,1167.0631371493682,1169.181096212826,1162.8979627849685,1167.9034701315975,1154.9224075590362,1169.7131365282864,1165.1001789514678,1176.1262283635976,1163.6652470686145,1170.5834170124858,1171.9344767441764,1169.7214359219156,1166.523224003074,1164.598184415007,1169.2162074573505,1168.083221001663,1170.7751454887791,1168.0288362075355,1170.1604732861636,1166.8440710746636,1174.666897468082,1181.2858012373808,1187.1047279251952,1187.911137312742,1186.2610619242323,1186.686809953385,1185.146750140232,1185.487670188583,1187.8928199258332,1188.7604454318116,1188.6522737897749,1194.7490192117805,1205.435413531373,1210.5680209393506,1213.4282200694483,1212.886231283933,1209.332038638475,1205.3186580864526,1204.0798739382144,1207.5320310144225,1209.9453698759742,1212.5556535402627,1222.6186188273423,1229.7420553757074,1240.5001099915964,1242.8703086265273,1245.841289766796,1244.8552582058544,1245.324781846483,1244.2500832820926,1245.9126986931565,1250.1121986553633,1253.480282787989,1253.823696107185,1257.5864609329974,1265.8676937622731,1269.3614102425404,1270.996061429794,1272.8196085159543,1279.727989259179,1282.4510065114473,1287.475653838333,1291.0904910985982,1296.8078684900313,1295.943609412726,1300.1405913111057,1304.2403084835369,1315.1037751893048,1322.9149625021164,1334.9942395071173,1346.6641396689813,1361.3282268421087,1376.5589912338685,1400.8730400849438,1422.7084387372004,1442.485089484256,1454.0155668299194,1466.1942777520442,1481.066320055735,1488.1217534385385,1501.9778038169425,1506.3213791620751,1514.1988865143933,1515.5831010253185,1515.930923987738,1515.8216906601294,1510.9745972371495,1508.0701492458031,1503.1051938848334,1501.9892382804062,1508.5633827918014,1516.9505768564477,1526.9956022811448,1534.548937513097,1538.055005460727,1541.422255084541,1544.4268127241874,1546.295796006901,1547.876464252549,1544.7372438323644,1545.9525454962363,1547.9808902848602,1551.7475696088434,1555.5535228639496,1561.6126446644016,1568.0347596892343,1573.8862354915195,1577.6751607739575,1581.0019922569663,1588.8536759976869,1590.9418130292684,1595.6779314887,1591.1478496521383,1595.0424614174813,1601.2888421960708,1610.4403793932895,1615.871806368463,1615.5533966129603,1614.318507377043,1609.922473199941,1603.808814523848,1597.9292986183923,1593.6956844594126,1591.7625111272343,1594.430907093862,1599.656051463655,1604.6373513480603,1610.2984904485918
395053,48,"Salt Lake City, UT",msa,UT,948.1905582620676,950.12706623056,957.3759304136736,966.2986427844912,975.978101567847,978.3386664588996,979.5181942887305,976.79579543719,978.3961914655732,980.9250039868926,989.451959289622,995.2539219859522,1003.4104807696516,1002.1618136184686,1010.4734324134072,1014.9670958693246,1024.8420962187158,1027.5988780617804,1030.2456039453737,1040.948550994222,1044.0090746529393,1044.4120410439857,1039.2771281423727,1033.2194260092356,1035.5807081162927,1046.6692798319457,1060.191699332545,1072.8711603117388,1084.6764100381065,1094.1335319189009,1098.9068500966596,1102.6491226264793,1108.546116671636,1113.0751514857816,1101.9511247488051,1097.0370193120052,1101.4049534180524,1117.347126637573,1130.402197355296,1141.417633478287,1147.2270727762434,1154.14659653348,1155.6299005003991,1164.5040680451184,1171.119321377357,1171.816190066413,1166.9308883672898,1165.1958026464554,1171.714368258839,1179.9461649207285,1187.7310823566802,1198.3469219161802,1209.0705712792253,1217.49364551551,1224.906233665435,1226.5472855770877,1227.097750423143,1217.2825670333416,1211.6864895843546,1208.5776757213305,1214.9871515319394,1220.6215172437242,1232.1344273537372,1233.4241886373843,1238.6986244466923,1242.2147597471192,1251.89446016356,1256.8016154040358,1260.1591711931485,1261.979614430836,1261.868827264643,1261.658060017395,1268.880965594572,1289.108704467997,1309.403046000334,1333.9901504759814,1358.7480329567418,1387.8454478286524,1415.567669372024,1437.3253479837067,1457.3333980080793,1471.7168772997647,1480.9668752630414,1492.6781983964495,1504.327116863789,1521.76251446451,1542.0851656877826,1564.3026819877743,1583.1668354054875,1596.3762606997534,1605.4892394125752,1610.0630950047707,1609.155062266849,1603.2539552581125,1593.5053619024504,1589.4164705992532,1583.1656299318172,1587.2767050120617,1590.1169080368732,1599.2445230185251,1608.3570360329331,1614.7277890026317,1617.2328685806613,1615.721989195531,1609.6250712481303,1606.1734170669815,1594.268665786425,1586.1332251381184,1583.3404868476869,1593.5474079475418,1603.8088198952933,1613.7717077349073,1623.812524749351,1631.9575252535888,1639.746417802919,1641.830749643132,1644.817335157465,1630.42205333141,1612.8443575119695,1596.7653593229445,1596.0357133070677,1603.0282356816847,1617.1467752151314,1630.6789157710048,1640.5266510992676,1644.8270363785143,1647.605900457298,1649.2188672017076,1643.1778569901967,1634.4304107041678,1622.070285147467,1606.951738957889,1589.5774830302753,1591.211934150866,1607.0705085301731
394669,49,"Hartford, CT",msa,CT,1131.2404006790605,1130.3822927958563,1137.126321201384,1148.438113311273,1156.511875153976,1152.7748340384671,1153.0887918974106,1155.3943725638978,1163.6091563504085,1168.7995405777783,1168.2455651656844,1169.274385079161,1165.8013703967397,1168.1260782183824,1165.6381641332696,1169.1487485364494,1175.5526536777795,1180.0916210448338,1182.5685675750865,1182.9223661891483,1181.01392534322,1177.0801112854024,1181.7483949736632,1182.4436362015,1185.7910457598127,1183.4752648773897,1190.7075097364082,1204.377421636074,1214.391726250554,1217.3778312277975,1216.8194818737825,1212.0028625864106,1208.0440320900589,1204.493292887069,1205.4697066133049,1205.2859813860389,1209.6403970179806,1211.9395022090991,1225.1496292695165,1232.2461617120214,1241.4342273948073,1248.029593640283,1246.1981064263691,1245.5798692713054,1241.5881867164007,1245.563944507029,1246.659530597073,1245.675932601523,1244.3595049425187,1247.2418119015867,1252.458849306409,1263.2973477310798,1271.8887968327792,1282.3253399667087,1285.3637680299414,1282.4207232394465,1281.0028770371127,1274.5700508494815,1274.5790641168987,1276.27754534516,1284.1342817138195,1289.3595635622955,1295.448495951985,1303.6872323171224,1309.8597688380598,1312.72939598153,1315.7181001825948,1324.7192008166712,1338.188981601562,1350.5353534541628,1353.9298982671503,1357.880680825935,1360.5128726371772,1371.7349559620377,1378.3982815083605,1394.4943631761705,1413.8811931575815,1436.8806323442975,1459.9582296939286,1474.8408568002542,1492.7545349290715,1492.1633343005285,1506.0057461728795,1511.5746227665109,1523.415085975258,1527.4318721562363,1539.211311839911,1555.172072045469,1573.8483826900954,1582.789096466816,1595.356133026755,1605.56188986084,1616.931348874282,1622.466468582017,1617.8879982880628,1615.3236031830577,1617.475369887974,1635.150387872408,1654.7600436427554,1674.696427809452,1695.3035407448667,1709.7334403978675,1719.519342111737,1724.0369439073556,1730.085452065416,1733.2085404779295,1727.5438484688457,1725.406657647953,1730.000990388183,1744.1879822454584,1767.52254676474,1789.4809992342582,1811.7265729651615,1827.854052504224,1839.3789154966612,1848.782037155179,1852.2962158376151,1852.64885368715,1850.3450316017957,1856.2774685657616,1858.8181942579,1866.975151162253,1877.5656516578413,1888.9655181255605,1906.0257946391032,1909.6724083999384,1925.1117549937408,1925.2034891720073,1924.3406994567329,1921.024125511972,1922.1279202502124,1917.5013031013043,1916.3002596023312,1915.2505717912416,1931.1910957081727
394425,50,"Buffalo, NY",msa,NY,764.3724968680231,777.613216559972,785.1473079091619,789.8835517177945,800.1015446908517,806.9448516765228,810.2504949866187,813.8443286220803,814.4124488423265,808.139872319414,796.6755589006965,795.1312689414486,798.8644217910439,802.6740027838342,804.2206478313904,818.9816617498492,835.5729620610834,845.9358494943906,833.6514452365458,826.5796060805719,823.8153601121239,825.5813671271064,818.3591949798047,818.2841341875092,826.4497807374682,839.0091816006551,845.1009161707832,846.7142684051229,855.5580120833446,865.4205416578338,874.839490909199,873.9759802417897,864.0460510814647,862.5686129936144,861.2640126937924,869.3311268900877,870.1650214674862,874.3659588508604,877.6474534022361,884.4618966936092,888.4858234557375,894.385005333224,895.5327573334021,898.0720058548131,893.4336910907911,890.4179774357679,891.3907777290058,897.7551081406306,903.9004884337068,905.2856446255356,911.5679482248722,920.7959248223278,932.2724353773394,932.6224322852078,935.5271020144062,933.2336643013718,931.5332388778362,932.9092416782814,929.2712700735837,935.4743675473989,932.1263194157748,946.1102421067122,951.3268350052962,967.9440128251376,972.50791139299,982.7023815580636,984.8955789438533,989.1518708628118,990.4770797339412,995.3170442912495,990.5229572717534,990.997219741082,995.0638382215984,1010.4738131724718,1021.0505467765064,1033.212504713127,1045.39991191392,1060.0723280353902,1070.7344603607132,1081.168303220324,1091.740883876243,1095.2372305251097,1097.0446604209135,1099.825367003599,1106.3207992936043,1118.4462944659958,1129.6709736151383,1140.20066866272,1151.2888876592883,1161.7010890442857,1174.7688917209562,1182.6553594148336,1186.1769403593908,1185.1676766681544,1185.3745799794997,1187.8046273090374,1196.851026827619,1201.3898440161552,1209.8465863485517,1214.05777558327,1224.7472546274078,1231.5751179637296,1242.9075017037983,1248.2008409329449,1250.1606077821243,1251.6750149979482,1249.49515496116,1252.698103091106,1254.9934239165998,1266.604199301917,1276.9921380561073,1283.0543822697714,1287.909348521775,1290.244480941807,1295.4799007381887,1299.8092886923632,1308.6822023332734,1313.212420897351,1315.3264153455857,1315.5369752720642,1316.2658882702628,1318.2233651725674,1320.8858425132132,1329.3279243158784,1334.1442320041435,1339.7698480806744,1343.4865319093897,1348.9818341835098,1351.6713122996505,1352.503248608696,1350.4122767471383,1352.964817872191,1359.8086757201777,1366.4593866327957,1373.7361692214224
394388,51,"Birmingham, AL",msa,AL,903.4232244668328,908.645835516996,915.4287148019902,919.2331907919906,917.5972371840692,917.0860371525574,918.006015828306,918.311639559493,919.6637111687296,919.8726800805292,920.1493405953296,922.0266771164275,925.6306009455628,931.2425314565228,931.9529515402006,934.4164641059444,937.6822214017918,941.6675780713224,941.3705760714274,939.9186996111924,936.751813238376,934.464755965258,933.2643603602052,935.094517751474,936.5220493470376,940.6413844435424,947.0756922765844,953.974049723835,957.0146782506038,957.172759504015,958.5123451628668,957.7758125917136,963.8554888569564,961.5181744709366,965.1536816406032,961.1556460754975,963.3002337834192,966.6433776792112,973.9164832208744,984.2074777524836,991.6454042457613,995.5563874738152,994.0317345467752,992.9341858214956,992.3274165995548,997.7631861456316,1000.0999465969852,1006.169415632584,1005.591455768301,1011.2709219276262,1012.5475188407402,1019.6566933424546,1024.833974567949,1030.7748357096827,1033.60348494646,1034.1862470522085,1036.1656413215876,1035.318384673298,1036.2069197413762,1034.723509327254,1036.7038047746614,1038.66139397408,1050.886347603512,1057.4812410862885,1059.9238882251998,1058.5741551682586,1068.7105537831424,1077.2010104846174,1083.687215013695,1083.306147723005,1087.3506073583778,1092.3311405424938,1098.446151087233,1101.297273699697,1102.830734604251,1110.3625555520543,1127.9273714109816,1147.864217202266,1167.6519345289776,1181.1338540900665,1188.1875106295447,1188.9414942560206,1189.6421806534836,1202.3647428155864,1211.2721894379424,1219.9552126890917,1223.688111849672,1232.2311205797437,1242.7858755911009,1252.8328513470392,1265.2614324204692,1272.5300005982758,1270.2627887372284,1261.6962782590804,1261.7844772064814,1260.1797806557393,1263.7263370853946,1268.306457672585,1283.0136507869963,1298.3603397744805,1309.891937536506,1318.1189673262625,1325.8260366037923,1329.3456823247157,1328.514696770118,1323.439976219034,1321.965012146503,1321.4679739593005,1325.3917598626738,1331.242999523106,1337.452627923038,1343.3955312407495,1347.9613147511918,1357.1770066150464,1364.0009156021065,1368.6432922139702,1371.7397431826212,1375.3289675882886,1373.520862496982,1371.1159083651703,1368.8647335270564,1376.625334659116,1384.8255094986437,1394.923757214137,1400.0859648940093,1406.2136174163695,1408.5228083655957,1413.806326540248,1408.8209080428337,1404.322512725336,1398.7749478706812,1396.492401158051,1396.618888492018,1399.735066112373,1406.9167294316028
395031,52,"Rochester, NY",msa,NY,882.4814504091305,879.2221305513036,886.9487374689332,888.8512846463908,897.4283294859212,907.3480069945946,908.414920886336,905.6232282962224,902.7502001406752,909.669643695554,912.0119149967012,905.577991210298,903.654765921422,910.2380891526716,923.6460874894116,923.0956448046376,929.4796070798508,934.9451998238176,937.4847454088548,936.6048357984696,935.0038423257774,936.3221831310098,935.3520432507036,928.2829630141288,931.3729696010844,939.8423605599386,948.0333465545774,953.4556829619422,951.8305817459818,958.4588564768442,964.0931463806356,968.4557026062143,967.9699784147024,963.53568159527,961.730186867256,958.8683861733658,966.2377595305196,972.914303731912,981.6834567652502,987.5289904556446,993.5840185731716,997.2507829459375,997.3345505190312,998.5428155449836,998.9425832996576,996.8445701795812,987.9713822301168,989.338648500821,991.0296088136124,1002.9829059806827,1009.995290048868,1023.5035723605238,1030.7649550428291,1039.056878168112,1038.792090111647,1037.5942174314368,1032.9670142264497,1028.3193875272104,1027.830602166562,1029.1532531459202,1035.3801112693436,1042.819494811076,1051.7632330235615,1055.5603047715724,1058.3986448897294,1063.2942365219192,1071.315525993113,1078.5112317263022,1087.0730716488013,1091.0331730803523,1098.4145502186996,1105.4530191540027,1107.7181692242154,1113.4798699999474,1121.1480890596913,1139.606760723555,1155.2347444878608,1168.2658985464336,1180.889107498334,1194.806933517032,1196.345220325421,1198.874383084183,1196.3522028697755,1199.550645604516,1204.1347802180285,1220.526007384694,1244.3244987007731,1268.414767419438,1289.4491963070827,1308.1757276440535,1317.5796425089236,1314.2422333992656,1306.8536242266518,1298.3961719515044,1295.1804375258107,1295.9670861267805,1306.177038114454,1311.9765809073094,1321.49679061319,1337.7033366957594,1353.9668573404522,1366.8379725570603,1370.3765114593175,1374.451700691114,1377.1879634763848,1378.1948415146862,1380.7373098498526,1386.112408529845,1387.395937092684,1400.9988388164752,1405.542760209284,1420.7875722478122,1423.7191259306758,1432.5901846104848,1435.4718860635112,1434.2623895471725,1433.6990772605204,1437.1193759454625,1443.774864265589,1450.2131624832198,1461.132206205198,1472.5373057391205,1486.2245516305238,1488.1159706534763,1496.8173875663626,1503.799449685191,1510.915772089916,1514.52540403621,1516.8522324115895,1520.1052270053294,1520.5341963263008,1526.049335361679,1529.7240096213966,1532.9555156285364,1533.5048992555078
394640,53,"Grand Rapids, MI",msa,MI,811.1724721663271,817.729159628923,829.6436147426735,845.4957883935999,860.0482466970553,875.6990462731387,882.9919397757665,890.9637689923111,888.7800213844529,886.9758665499292,881.8687332382483,882.2172261259593,883.3202234624626,888.3643154944725,902.15172304453,917.8129990955088,937.4971725299172,951.7873012106324,959.5903509411752,957.9770271211432,955.061976238955,947.4938679047297,950.012127586618,952.069793071535,956.2261934422212,967.0261195625044,976.3558187010768,995.4839849866866,1007.2588138621996,1019.879385294442,1022.3729921813848,1017.8032408217982,1011.1045131390364,1010.6030120876028,1004.5151600125052,1001.1043076665812,1000.5426450110734,1010.9431574126612,1026.192214341199,1041.853408955273,1052.083255483028,1059.1853197606097,1063.449812289169,1068.085297134717,1064.7319883498558,1060.552400950756,1059.595056483415,1065.0732309079997,1069.1253469777837,1072.3124139316617,1078.330149131643,1087.505634430324,1100.9843995798103,1111.397493423462,1119.2047795139686,1116.3411584521805,1112.6447686853153,1107.1922669139635,1109.9506618365776,1107.7348219877929,1113.473440962564,1118.3806029457185,1131.6715206978802,1136.3592532054613,1142.9914407186493,1150.7852077518394,1161.918328091686,1160.5350788997437,1158.5842447120085,1161.6060716166542,1172.6342639653344,1176.6726010529562,1172.6239240373732,1176.3970386753913,1194.3988416877578,1213.8909204212678,1235.2488427207577,1251.5014017988,1279.9909289749985,1298.3783651599576,1310.4543802003127,1289.3521121249726,1293.168152705509,1302.5151670252892,1325.9216924018294,1332.7313072463962,1337.9920100088204,1362.4229223647317,1382.4761900098931,1397.770226149665,1409.0455091732713,1420.806768522296,1429.5182611599037,1424.7838205517526,1415.124928646184,1402.229894593439,1405.6713690318427,1408.7436523592594,1422.7961887517,1436.4769758812797,1457.2567020475026,1473.8189557391336,1482.4957066786772,1482.549988361013,1483.4947691115942,1478.377468580467,1481.595564982165,1481.197718633927,1489.869152740785,1493.5153015889682,1506.062522261132,1513.6235495972412,1521.8840584420975,1532.561761806273,1540.0625132138705,1552.2891754895695,1549.081692082192,1545.09596106225,1537.5740071204375,1542.6787212757456,1547.0795503305708,1551.30350038964,1556.3294877804817,1569.8334418431664,1583.3042636097057,1601.4851981259496,1607.1005197549762,1611.1857329752884,1604.1585186037198,1602.2509150767874,1604.4005659015677,1603.896543647541,1609.2379286078851,1609.5644852295388,1619.7125847698917
395167,54,"Tucson, AZ",msa,AZ,794.2455222130981,796.4466086945935,799.6606720001296,801.3738610869872,804.0742867975538,805.5297765861558,809.7048580598914,809.0565268771051,809.4473902124209,807.6349164181266,811.2018632673663,813.694948498439,818.8427719737634,820.5699492002793,822.6748555282198,823.6478334962534,828.6150292255525,831.8060416940799,833.4047422466339,833.245982607685,832.2634464833939,831.6085496559907,831.0312966307113,835.7814320632042,842.1246534282304,853.2592720161598,862.9026302565513,869.812688007651,874.3195228550298,874.820309273801,875.3824829162377,874.4288656703334,875.0817530284816,879.1765106668656,883.4895332207767,884.8774677227481,888.1878612052911,894.2121346730339,904.7523988717944,914.5163087180648,919.3293458369652,924.6677221634396,926.4186394743888,929.4598574811192,931.2274331488104,934.358648927054,941.0881848536012,948.2875407070588,955.355229310012,960.7061115144198,968.2159080528152,973.7916163779646,979.8301060386736,986.1589587515072,991.362490252507,994.3762749702092,992.8868344650882,995.438591263792,1003.760776700684,1008.5097162309402,1016.5473961346272,1019.2786880409916,1027.0164987316052,1026.845042220359,1026.0402523026894,1028.7921727718503,1037.8633579803827,1049.5472700442658,1063.762230924376,1082.1481013773391,1091.405207438724,1099.2642874202152,1100.3321871209432,1113.6394108454324,1126.9123238542074,1148.9056508933638,1167.4632319675818,1187.796986307084,1206.5131825811643,1235.7283359430617,1263.6509799284,1284.1723156223318,1296.4030904139645,1302.889325931822,1310.9839056534313,1318.7689468520828,1330.3563241692566,1339.6218375429626,1346.249974046529,1355.070588035433,1363.5522483189116,1371.9247737830235,1373.357914483095,1366.8451521009315,1364.675059602321,1363.2951039988402,1368.4291030200516,1371.955410057633,1378.7351594968782,1386.4455464732916,1396.7209002147822,1403.9438923093585,1411.8309674401542,1413.2898409483823,1413.3527755230668,1413.7362514080924,1410.1924002283638,1413.9226120854185,1414.7325621532643,1420.0791569618657,1419.2143986906449,1421.612145913777,1426.194984125229,1431.7068452062338,1435.3044561131132,1434.1188610644244,1437.4193831967798,1439.1747492403538,1440.2247101247146,1436.4787355044734,1434.061168238764,1433.0034852763008,1435.6310828317162,1437.7630723165903,1443.883387635263,1444.244213110761,1446.376728545942,1443.6913442370328,1443.129422730306,1436.10047043928,1431.1075770126115,1425.2908100438783,1431.6323953858882,1438.9815893270925,1448.4734039794378
753924,55,"Urban Honolulu, HI",msa,HI,1918.9468454080995,1931.0141788870544,1939.1023358559144,1944.0280499734276,1964.1659483775,1967.5535916092072,1976.11430041066,1978.8070749210224,1983.1900386518755,1984.388744213143,1985.7643275963496,1995.594204591096,1996.8031616709277,1999.042728204719,1988.021571462972,1997.1003606847576,2002.565060669824,2013.3864418655496,2011.9588481808385,2009.40082993415,2006.5875463894524,2000.3423619599728,2000.4897874951057,1997.3641875071417,2007.087723639876,2020.9061936126704,2034.6421022025495,2055.3258504291807,2053.727762344955,2052.6572082922416,2042.4313309731592,2046.021569656825,2048.9450530914996,2052.4425098775964,2052.197277214402,2061.095365913239,2062.047882866707,2068.547316835805,2069.948891472194,2073.6746412514703,2077.438719810158,2084.076232436851,2090.5693047110517,2090.6440017587756,2091.2974791465754,2088.7823481674995,2094.911578386947,2091.8373306669173,2098.2053101080646,2104.6138544699006,2120.5727305370106,2130.883271813881,2132.1793624245815,2127.795112268571,2132.7196266897727,2140.595492721854,2147.783785562164,2148.442374730413,2147.794262281516,2148.009912605558,2149.477299112646,2158.4522571328407,2156.770240398561,2149.3116101146475,2136.416796921659,2132.8767278747664,2137.7981047653075,2135.111450688999,2141.3609719238257,2137.2323160448104,2147.394588709412,2158.242723926528,2167.77426302802,2192.5473481193394,2212.005375500037,2246.332711825905,2265.0791934867925,2282.915882484891,2313.339943939359,2338.6109240055207,2367.931815578264,2373.0615248904232,2372.012428899158,2378.945070954097,2380.8301759168817,2416.103550159553,2432.2387036389737,2450.9314732893617,2455.1360715987116,2453.931097663462,2465.6191931855465,2471.1430544509667,2477.157239248411,2473.895871977305,2459.1570617986113,2468.7257742958427,2484.737960127888,2504.2166125484873,2518.277635555068,2533.1093596028054,2545.2093928735235,2542.5893824018335,2545.253280893581,2544.390697453446,2560.5329785658982,2568.136820612907,2569.1262098787993,2563.5448048362114,2568.8062364183816,2585.065571180684,2604.9930708807096,2616.766906395477,2632.489210631136,2641.822420040511,2650.288450554282,2654.707149628981,2666.2885669017323,2681.981094672423,2683.9508110724,2692.5570395191717,2689.603587182966,2708.386334705511,2707.5514374415757,2727.2059316464965,2746.334814401993,2769.50907002442,2776.751245758776,2780.089855393322,2796.078427130821,2812.1087230644525,2820.52381917985,2819.5399188530796,2815.650563174059,2833.8813119157526,2843.4924648861015
395169,56,"Tulsa, OK",msa,OK,842.5404827678599,848.8041329173659,851.0904998971436,858.1834912420013,861.1379461520014,861.5932149026883,863.8005318783488,868.6705727177962,865.7700304542703,862.2070675816124,856.0381303791823,857.8656548726889,859.1733917948908,859.6949916307173,862.0516929243864,865.1443553182523,875.348961060145,877.7253947081422,878.6155825451197,872.8754669750483,869.4362733269286,867.1784157383903,863.2156966074087,867.7288705156811,865.5876391368683,869.5219242374563,868.3338786892374,873.7775336681344,878.1537819825544,882.2217567125518,884.2610138483886,881.1020553647406,877.6937282015848,876.4827749805338,879.9535307534636,881.8954559270256,883.9192337372897,884.2379046362682,886.293890903458,888.9697750351443,892.0404521805908,897.4677695532188,899.3009104474022,900.8068460582472,900.4398037955752,902.3331210772608,902.3490991036948,902.1151909554223,903.0367130687624,906.4663023900524,910.9572864801928,914.6687525357596,918.4050442121364,922.8116969072177,926.6722357168384,925.3530613090056,926.6605373735888,926.6228274646628,931.8509485742516,933.2456710629848,935.647764378985,939.804959969016,945.4857622990492,948.550442401505,952.7557391372176,957.3700808701316,966.9877712407432,972.3950564723862,977.7566736547516,981.3335519607728,986.7445974552944,993.4100934283656,1000.4367832906668,1011.720443275634,1018.9208817920058,1034.742555293736,1047.26146014067,1063.120064987928,1080.3459695601136,1096.0247343505378,1111.6163302161483,1113.4510162296335,1121.5798421078152,1133.1481517502252,1145.7627395707414,1156.0438307168658,1169.1041179737842,1186.0935930964354,1198.6238913852717,1204.266969062718,1208.9934549337488,1212.0151573699893,1203.6201329834073,1196.9097285683974,1188.9976117039862,1191.4091579440865,1195.8012908112362,1201.4667487303177,1211.8104458655423,1218.6889989399267,1231.8250394722434,1241.5623743856122,1251.0259865004134,1252.4855052230837,1253.6728556133644,1252.9513567237557,1255.6510361389408,1256.7722569701557,1261.102170117665,1267.1820422380808,1271.4287313239834,1279.0212968304625,1288.8636180808594,1300.5097514711026,1303.688447232674,1305.4876956278072,1309.248484501786,1311.83435446005,1306.9833073134057,1302.3035923607054,1300.8237695585442,1310.6346154128223,1318.777549271087,1330.7236069879857,1330.1967416527957,1331.822203979225,1334.0207352158504,1340.5683518405008,1346.3510502373645,1344.6633319700572,1343.6068162096744,1340.0630000004326,1342.0323646514928,1345.2685111167368,1350.049102641662
394619,57,"Fresno, CA",msa,CA,1015.5045230097662,1018.5093620578576,1021.4443256953958,1028.6648497481212,1034.1979198331749,1037.1774549051115,1040.2589449239722,1043.1470386010722,1049.71772028721,1050.498695574975,1056.195741340646,1054.9946953840529,1050.3418571949812,1051.8700500187254,1061.391836135314,1069.8768161391206,1073.1294235533765,1077.8327650409403,1087.6447356517451,1091.6167255694302,1096.822774635542,1094.9221710981155,1096.7064974580037,1095.11814055157,1097.097288899063,1099.0931153913473,1104.3252685129212,1120.623975808719,1134.484248945443,1147.6762863499691,1147.3197803755334,1151.3856792864829,1155.8555462622528,1160.7763234101617,1166.7841449848397,1167.1714380996102,1167.0489337180168,1169.501543238183,1176.6944637398124,1192.7193363076824,1195.63460229249,1204.1056877025887,1207.9985722189165,1217.0917163099446,1217.7222042259098,1226.0456757315096,1232.5377371974864,1239.331472068385,1239.4342708998752,1249.6649036782474,1262.3997678799935,1278.5614056443526,1286.7030458714523,1296.3806705407271,1300.424040396514,1304.0819003628312,1307.5233585177943,1313.56851128671,1316.1934200791688,1323.4084178876574,1330.3212810782254,1338.320917009093,1340.1846923134808,1334.4691169841203,1337.5902469633938,1347.562447557263,1360.5807934926104,1375.2711076485791,1392.3831705117773,1414.3467324091569,1427.2176290992122,1433.5205420044404,1450.3869147311177,1464.445462428192,1494.4901714524676,1523.8298272757522,1566.5478131222876,1594.9861260903651,1618.7205217405128,1649.2850772393365,1663.776648694647,1667.6416515570895,1675.6444814683891,1686.9324742504234,1704.8165461955757,1699.5412333465877,1711.5277479922586,1727.5069477850166,1749.6952089725532,1762.8924825591423,1758.3869400629042,1759.2178125215994,1757.5234745526882,1769.818979367054,1766.0565775869986,1775.2589416726803,1781.3632434092865,1796.4639967640128,1803.3460871205737,1804.9713446291769,1820.8825067354244,1847.9021404129655,1863.1338027208703,1860.2319463991653,1852.689205099068,1855.1756724996585,1862.613086281076,1859.3322824450793,1858.0045720418468,1855.8965394595573,1862.3239049374376,1875.2957489015012,1887.2018873204445,1900.211843673163,1911.2777581228904,1915.8967955877629,1919.2182012932149,1913.5068270727947,1915.407504452237,1907.951242993912,1918.0527978302605,1924.343832348097,1943.1569326398264,1949.999373130178,1955.4644185851,1958.6537782439416,1960.8670558640797,1968.4464400163613,1965.3867665709424,1968.4208676502367,1964.3623677429944,1972.5172273789344,1983.472729268417,1996.7936007518897,1999.3400980599752
395238,58,"Worcester, MA",msa,MA,1061.2269417007487,1071.1361532664046,1083.2157062553454,1089.3045231915269,1092.2922065042258,1101.60931010977,1102.6537423045322,1107.4363868378798,1104.6436967164009,1109.097948565964,1110.3116739812915,1119.8331071143796,1120.8150098556414,1111.5705952250628,1105.0830089806257,1112.6581609485693,1139.8960646236874,1161.909828512137,1175.3629270054412,1173.5695435773337,1169.1388519323011,1169.7030496900354,1168.957779937996,1170.867596157458,1168.9611802200477,1178.860695350494,1189.028457438307,1210.7271080689836,1222.3722579754535,1230.605798214719,1221.797761446824,1215.8431119827887,1214.375276107984,1220.7131727040696,1229.115367457965,1237.5437913534777,1239.819398513412,1248.077518995329,1254.7080882874873,1272.035293476952,1279.6411538477948,1291.9518846655694,1297.5632004573993,1306.2460652197844,1305.1376585381445,1300.8718435781195,1306.4159200293902,1313.3894310247422,1323.9943189326737,1328.4875913142223,1338.7237087125789,1352.481575018826,1354.509394465102,1365.2902821872967,1369.8042285699817,1372.776111234409,1372.2943192139364,1375.8401676756566,1381.1912900068714,1387.215912320699,1397.0659459968097,1410.8503241125263,1417.3976897124976,1421.7574017874908,1427.1022790908555,1438.990829061102,1440.6201736473863,1451.8020098266547,1451.0299437543672,1459.8522855302542,1460.295335164183,1470.7380371626582,1474.9794946506868,1485.9520476577147,1494.9204110109335,1512.7324020955896,1535.898849840058,1558.0636512775084,1581.1266549600334,1596.5066072676111,1612.4628032141468,1622.622288068621,1640.4519102685106,1642.206762023675,1653.2563338896196,1660.9336736244402,1686.7786512378573,1707.8810908843254,1738.7577103215135,1767.7128590422485,1792.610921412842,1794.5621001715876,1790.243182562342,1780.818540070164,1786.9380590416704,1796.2684765882284,1810.0280159782644,1819.8659199517929,1834.802291015108,1853.5735390456616,1869.6009246248616,1882.7845682531936,1896.9606021757647,1909.687737152352,1916.8029793246003,1925.8455577020009,1925.322918087427,1931.144714082712,1932.411542476738,1941.2307037445532,1958.3950098853873,1972.986276610575,1997.254891308197,2010.2243598276436,2030.3109172952209,2038.222222490346,2044.5584469325752,2036.8070962743716,2045.467190011844,2043.0100490786524,2057.284624799696,2068.7967667312805,2091.8372984660273,2105.1832930490746,2115.729773357132,2130.3227516354373,2146.281765796106,2149.1763548250915,2145.5840507044395,2138.02956936571,2135.788416668002,2139.3791134852695,2136.72174846511,2141.6085912806834,2139.5276781196117
394938,59,"Omaha, NE",msa,NE,846.4708373954073,851.1434987972771,855.9346166324854,854.8962856633289,859.7248866924317,861.8389755314532,869.0164999629224,870.0712330920487,867.0663758383351,859.8786489640288,860.0373250349928,865.0131776946429,872.6810663237609,876.8151599194346,880.0302096003206,884.3893315164388,886.6691826623008,890.3266579009771,893.5625054183422,897.1953948515098,897.1337915497585,897.928737618265,897.2508327089832,899.6510441358888,901.4098622768482,907.7002629782862,914.4790058126076,920.8892249966544,921.9741708061222,927.2463682954876,930.667697316448,931.5541399241152,930.3954808711547,924.5732179710676,926.4855059860582,923.217519945997,925.7626067465166,928.6475497160934,937.2731498876892,944.6164333416372,950.658656774232,954.0548937964098,958.155843382528,960.9997826723124,960.195773548183,959.1652250444648,954.9970723130452,954.3674460628528,955.4354872242995,960.566547540784,970.2258714959208,978.0893461307336,987.2460359034648,991.0596899902934,993.3395989057389,993.7943480502296,992.497068156822,991.5376010664896,992.7666141877852,995.2650174788712,1000.1104190651118,1002.310991307907,1011.5823624628758,1019.7011817295958,1029.414220088075,1034.517274556281,1041.6267426834447,1043.49157958949,1041.1659321792736,1032.4445979316222,1028.4798684083148,1029.6678376416182,1036.1137362188017,1043.4466590329248,1050.352210994126,1061.4192540969796,1076.3717113131067,1095.489961210452,1109.680101028028,1117.961952464122,1118.748648507853,1122.170138965562,1125.2544531786664,1128.585862273734,1130.5534819943068,1134.4762095351257,1147.9402596825291,1164.827058387193,1181.8117289704785,1194.8684495683503,1207.9114768760753,1215.876518094565,1219.944402711078,1216.7890354874507,1218.0736103265656,1221.1641070249982,1231.634395158214,1238.4442269001693,1253.1748165273357,1263.429136790367,1277.0346009118016,1282.241694185426,1287.909905565639,1291.727209084187,1291.3962335978056,1290.0874168837995,1287.9944864331665,1287.4913432333262,1288.6352005475362,1292.5609218111329,1302.6130483753657,1312.6761447438028,1322.7199151613836,1332.7555504059717,1339.8134311544393,1347.602321031692,1345.6014002077077,1341.086471317185,1338.898969873651,1341.5786523585682,1348.5476336150384,1355.2545401582322,1363.9563844700192,1373.1779461203782,1378.4205108048986,1382.2836943024029,1387.4355835618908,1391.3590260096248,1392.69298757589,1392.967708429336,1393.5295806629056,1396.565023828941,1400.2372022734094,1404.9555856698184,1411.7868121280287
394415,60,"Bridgeport, CT",msa,CT,1642.7391104036683,1655.2038462467142,1671.8207975082346,1678.5333325213537,1685.9431004756163,1688.6455133906193,1705.9346871309074,1708.4908532100037,1705.9355017933249,1693.6603025494617,1695.4019269895182,1690.3259265330282,1702.3062573429777,1701.928417750481,1713.199445577527,1720.1113288340557,1728.8368219559777,1733.683728486144,1731.1739702725563,1728.4534629997922,1725.197730162704,1727.0539809633988,1715.7131331898613,1712.030131095867,1709.1277783794578,1730.4876122104276,1742.6088374992523,1764.03958653138,1782.7220719247557,1793.546568744294,1789.0945805859694,1779.7326044100555,1771.977142486685,1773.064035688683,1767.4786117291692,1779.1212679714504,1780.008527186379,1807.248246659521,1815.6668244975092,1827.949899411734,1830.114343751943,1844.1012728157975,1847.8616072071384,1844.754104781215,1846.9533305809252,1844.898864260818,1851.830091919216,1851.4155311658176,1860.061332056316,1863.601006665301,1872.06358545935,1885.3047909097131,1892.584567259955,1901.0496247695237,1902.697337846668,1901.987815268398,1902.9914783708732,1907.6640975677328,1904.8449582007336,1903.2796996728337,1907.9527654251208,1927.393345579131,1936.7636268578296,1949.5348201862917,1959.922806503449,1976.990965010669,1988.195729891829,1999.4803543191451,2008.590359431612,2022.396179158485,2034.6129540678544,2036.5495921591264,2040.3610150905076,2042.5281455489032,2066.9434559409715,2096.428593851575,2137.925775434593,2171.226715644592,2198.424502903976,2211.5403767312346,2221.920177835564,2219.0294733984388,2218.110474169301,2222.574308112523,2239.834948389069,2263.066762262701,2290.4929265752,2326.026293135166,2368.504404740803,2406.159669475516,2427.2588235698904,2432.234847624825,2423.269660538185,2413.694890531787,2400.877995084644,2389.2834587701072,2390.7021004926637,2396.08513137256,2433.5378481599223,2449.181686968774,2476.20227353104,2489.006734265771,2509.4300136885795,2517.2409215950047,2505.8058343901594,2500.3356459685556,2500.954514279166,2507.1692552143013,2512.427058952975,2529.169924618535,2547.7489548348453,2575.723053340566,2593.1985226677866,2616.9739805061604,2641.238149027596,2659.178077335115,2658.587504554329,2646.1569011425768,2644.9633907521543,2658.38682037373,2684.5303276905192,2698.334075188898,2712.053542951267,2720.1076257955933,2735.4338445748244,2744.1065183854516,2751.188839250579,2754.4270928920905,2758.072439635383,2762.1816602760805,2748.8377124804406,2746.09306852034,2743.889639609902,2755.098233518717,2766.550759286882
394653,61,"Greenville, SC",msa,SC,895.9656330120455,901.4128924484928,909.3366463143008,921.1711699255214,929.0498634149548,937.395599818949,939.0611276453072,940.5535055231836,942.132274174781,938.4487803327496,940.150113555055,939.3939623165812,946.7175623363096,952.0066672883148,961.817311510877,965.198583595737,971.9224875094023,974.595984457432,981.8030554201232,982.659910388833,981.914596488068,978.24873895333,973.455149330834,972.7211027365976,974.5174326383276,983.5142438140712,992.3487167440832,1002.0249200246768,1007.8089790600458,1012.4926212207612,1016.5052112821515,1018.1659255537244,1012.469085473696,1008.3113779866412,1008.453002300398,1019.077861412784,1023.4846523942836,1028.0594873888338,1030.9821627154688,1043.2699718005586,1051.0525242353644,1057.850989423659,1061.1041499703483,1066.6229138103006,1068.712504302768,1065.408074945444,1065.585784890137,1063.397189772367,1073.0833268238468,1075.3517550905626,1081.9498117690805,1082.6748884605954,1094.9638431618548,1104.7476175091858,1113.2122223824651,1105.8444751775908,1108.474458322944,1104.578230757813,1106.0847710412029,1097.2779579209484,1101.4251083119618,1117.8149958214678,1130.1309207323068,1134.6700513587862,1126.7265193583776,1127.3067934391845,1128.2295597840748,1139.03464748784,1143.4967557794848,1151.9172937325543,1152.055015081747,1155.6703411120814,1160.5352246336265,1169.223159898512,1185.897626677952,1202.9193009842895,1225.5888642008729,1247.008542781984,1271.8835648482748,1287.986754000029,1296.1783898296428,1300.607732039798,1305.5804274731468,1311.7882995617497,1316.7437598170827,1321.4032584332542,1335.7421441596548,1352.9750881627658,1374.210388965454,1395.3761716250103,1415.0979869225162,1424.5671878435764,1425.4870631021274,1416.7426878105482,1406.789306445818,1403.288039927529,1407.0735829459832,1419.7228048396269,1427.010964073883,1435.0696313393703,1440.9843999068707,1446.76672548821,1448.7801584481133,1450.6848929822008,1453.8991535318753,1458.5678196285407,1462.602048764585,1464.3359571355838,1463.8928963659707,1462.1391069695314,1464.0186190048066,1473.1915813303706,1484.3303119802963,1497.6024646617918,1498.6453357812982,1498.876922622135,1493.0728100482656,1497.740894041056,1505.2647254629294,1515.9807057998069,1526.0588402479495,1538.5777496183557,1544.1801900368553,1546.9914440151747,1543.7253842100963,1541.753254484529,1541.9479104701047,1541.6120751951407,1542.09080689075,1540.291228561974,1536.6308679465135,1538.324660293949,1539.287226044815,1549.521720114038,1551.0590318388563
394312,62,"Albuquerque, NM",msa,NM,828.3966253038128,827.7466083716131,833.7971556163569,839.5199685464358,844.0841243302243,845.6221122987134,847.0932121308983,848.7904872780633,846.3106905546263,845.9580769802318,843.9926779649925,847.3639297618189,848.3288387580001,851.3314095573147,856.048285240092,862.2844999300239,866.4517485246345,868.3726539350379,867.2702644592717,869.967270698321,867.4612569065387,866.6617522250807,864.7297582416927,863.5971433644783,866.9601652973977,873.7839502225537,883.3181093089296,886.8902301150839,889.372792684635,894.2112218839414,897.4394799615706,898.8615738237,896.7755606227801,897.4637937246217,895.2375563496055,894.7720456279495,895.025821289928,899.2794480140245,906.4509654832384,914.1543733318867,918.8396325192916,922.7901017985316,925.8829924316008,930.2706550967872,930.2958395876204,931.0914814347528,929.3913057822552,930.5392786162048,932.2640901421408,938.6255013410192,946.0358583450268,952.9918400973268,958.6161402005926,967.7015388131788,974.052247580622,980.6064805650092,980.8240631591846,982.3678165167506,978.8625637839916,978.5444684911369,981.454921008588,990.331724166494,994.9345344061524,995.9778629351192,993.546138540118,1004.1390840657322,1018.9177609295422,1035.1207200891774,1042.9628669330502,1047.127118095885,1049.0810192793656,1051.5361122436211,1056.6059340177153,1068.8196596607183,1083.204240712801,1103.9999713919783,1126.1363629171783,1151.418438446886,1177.0323900483752,1204.122935400439,1223.5151034032583,1231.2096179192658,1230.2177315466836,1236.9313325652718,1242.5603924925624,1252.7893257472292,1265.1504534022351,1283.96296123344,1309.2169379429104,1326.1790785902242,1345.9072879667765,1351.3672166222586,1356.6285707757822,1357.19540868513,1361.0085254715812,1358.9068906515374,1361.5743633133338,1357.0053336179965,1370.3147634828726,1377.5815416799842,1392.684240139723,1398.5010770935305,1405.2616852867632,1411.778766185455,1414.722512589119,1415.9356134089985,1416.1624454511862,1414.3274271774774,1413.696766578203,1415.7863258091922,1420.9179658023595,1431.0596308463796,1439.2859942648531,1447.7049440984456,1453.350491304156,1459.080762785121,1461.427938348411,1458.752829811256,1455.132541322763,1455.1011076535267,1460.3789775905657,1467.092619435222,1476.18162466859,1482.1909341997557,1488.6631972182277,1486.482788313422,1489.1722039195115,1491.4127851938647,1497.879208784635,1496.2201851924076,1490.0650590708706,1480.3967092179153,1477.2773559784946,1478.224062308052,1488.904571167752
394357,63,"Bakersfield, CA",msa,CA,949.4795009762706,952.168580692189,962.362896684662,967.3166605123538,972.988286428637,969.2594026293476,971.8843990101956,968.2647571726884,968.8089535919712,969.0636062981524,971.3989672841308,969.9497732930964,971.8506778222442,972.681099164708,979.8477531985824,984.2218371293336,981.582518729181,984.019780751635,988.0910540219344,994.6581834695976,994.0167577618076,988.4805657628136,988.5983837525074,991.8629143278972,998.36957247952,1003.4351098010612,1007.4734116346124,1013.4933772543724,1018.9909205046134,1021.3540029284678,1024.444075341219,1025.443550104714,1030.89695732553,1027.7801801496332,1028.2439832094226,1030.2047690372465,1035.169790506092,1042.7757304393103,1046.6922351545898,1052.1538152872895,1056.7609070680735,1060.746133153217,1065.8222474900456,1067.2174050372848,1072.1464781808577,1074.635700573243,1076.9416628706124,1079.535062783673,1082.7350800057388,1091.5226688919377,1101.5453464893476,1111.4210305510153,1117.7106492348228,1122.2705374490522,1128.5396037763664,1133.01688184678,1134.528034467538,1136.0501518470685,1139.298188578438,1142.5375814530923,1142.6161220952888,1145.1689574831937,1148.4094248047645,1151.329496753031,1158.1416478858316,1174.491309754536,1198.2832861435336,1226.6039691570252,1229.7306429320067,1239.709755849182,1235.259982816638,1249.15539735099,1263.1300476011395,1272.2354322997187,1278.5236406411266,1283.257656926541,1308.0148130338628,1330.3581964281566,1342.39673068585,1353.209087154886,1387.7413145894177,1411.1233446970457,1437.0294678504767,1446.7037767042657,1464.929272344586,1489.171512033386,1499.6834380205262,1521.982215484814,1539.5547845921933,1559.7642442057197,1573.8944710734263,1568.8461577587464,1572.7892902346316,1574.246067930208,1572.0843566285644,1564.5568203161793,1557.8411092011331,1565.975473613606,1580.146655166865,1598.972241033436,1604.7252893176,1612.8919455359926,1622.3772503931193,1633.0548549702637,1636.7275854699224,1638.3798388941834,1635.9511888442603,1637.7386772131808,1635.4545122157765,1646.5598302238143,1651.5585032708004,1666.09045691225,1672.438139529492,1685.850057040452,1686.4590632658276,1686.435279066888,1687.7971131548277,1695.0489135816135,1698.7304850745456,1691.8368066458372,1694.5172332535303,1705.1374810593038,1720.3813185916904,1724.195554257814,1730.0423329550115,1742.7324752908212,1747.815276634314,1746.4290613385233,1745.9234333071952,1745.6963174887685,1745.24013047501,1736.149398490456,1735.5347882391554,1749.3179090225374,1761.692434769421
394308,64,"Albany, NY",msa,NY,1024.0717858894486,1031.8017450822688,1034.4601081591402,1029.129260121072,1029.1156150441718,1034.6003317967366,1049.133813068769,1053.6968471369612,1057.1154552709388,1041.288395408947,1038.1956400156946,1039.884369637974,1052.3405668163548,1059.748190368384,1064.029875007393,1067.7438749947846,1069.5989572159642,1071.3535147337786,1073.212678901506,1080.0005121191214,1086.8344135769432,1084.8413640543477,1071.686261210156,1068.1311225521422,1067.805813804028,1082.7910232697134,1083.8602830165785,1094.766383830835,1102.530223344413,1106.1320055791148,1106.6290650749577,1100.8491820059055,1100.3743696444124,1096.1918785679718,1101.6796013950134,1103.7404788567708,1117.418676704954,1126.8541654003282,1131.443230390964,1140.9275315247176,1139.135864140585,1141.797886635707,1135.6987417720393,1137.542065292234,1140.134389117822,1138.8482596199135,1133.9786638333412,1133.447609873908,1141.138410887629,1149.7378722850851,1154.7116360177854,1158.6935852601666,1163.4199509972882,1178.1148352768228,1181.638193920514,1173.44016477965,1159.8964395745334,1154.297961471441,1163.2070255333726,1169.8289948310676,1175.271107904252,1184.685424511974,1195.4675765425156,1202.2060901381085,1201.2544961114977,1201.3226329544134,1207.3617918216892,1215.4028228235295,1215.820129209381,1219.2091033362017,1222.1231847126687,1233.288459312711,1235.3680333730974,1242.3274623571383,1248.0808829090936,1268.5153712108715,1280.3703585365472,1296.2802365996092,1304.8384694059955,1311.9498424228818,1319.6376683545657,1319.9681133435554,1329.9626737410845,1337.8864996193522,1344.8901723781726,1352.584904149988,1365.0173025198476,1380.637000577489,1399.7652969361254,1412.5836086796876,1428.8845696957248,1435.7911095040588,1438.2476477317175,1439.9229696140262,1434.318934560347,1430.9590165444376,1425.0699452742638,1434.8623018191329,1443.8664776744015,1448.0263897568104,1461.8898023681224,1476.2861586254496,1493.7905542237415,1492.6628158723488,1492.2490149688383,1480.508643055742,1481.9590156639697,1479.8072513833606,1497.3474014238932,1506.8682151552557,1520.6457415931288,1526.6983419299077,1538.0074436274351,1544.3155461163103,1557.4876304159272,1556.9585254114593,1556.1955364827102,1550.8486183674434,1554.5538360065311,1556.7992359454277,1555.570815241226,1563.1102799572664,1579.3864262873285,1596.010277767877,1602.0311245491996,1611.5699712365283,1621.1084070020468,1630.693267828136,1626.02240485514,1625.3963496074086,1619.547106041578,1624.1692865205075,1629.2620048342033,1634.761122050929,1643.1499277717587
394753,65,"Knoxville, TN",msa,TN,850.2847161463203,853.6591401397985,857.3160625383445,863.253746407858,864.86797565562,871.1083225297193,874.180490692626,874.278305418288,869.0153840072416,870.9836912952056,874.096997831046,882.7460223980563,886.0379286595983,885.1961567079363,879.3907297623397,882.6669604732162,895.4572592192948,902.4487944714132,900.4795246644923,902.0469801693872,905.2598771156498,905.2001970998072,900.5124330567962,900.367295880964,909.2881354954658,920.2317156672664,927.928900844039,932.6408524353157,936.1072026133812,944.1980384283148,950.776712518124,949.3344361235652,958.610826542591,956.911651196037,960.9287267451632,952.8612739049014,957.2936681704784,957.6368455912404,962.1073807658386,968.3654358184148,979.736911573741,986.3728298813352,994.3168432423744,999.2373768246456,1001.1057579874785,997.8086123058152,1000.189916447394,1002.9340221236772,1010.8580472105882,1011.0180943479406,1030.2950844207498,1041.932066412117,1053.1062689239989,1046.548798069683,1045.8053483793008,1051.448641499673,1053.6500063541132,1054.8920794909998,1053.6869495221383,1061.412315662531,1070.0021632294972,1077.8948061751971,1078.722247644549,1079.5904898383894,1080.2639270350055,1090.7505740047104,1095.6039912539095,1106.713693113464,1119.380542512907,1139.278058209536,1151.7394126041193,1152.5491915703385,1152.9574853349131,1161.8069941386425,1173.7424870094503,1192.1854329891812,1217.4335920959084,1254.9994464725407,1298.149385526026,1334.7994276160996,1360.1742600651958,1369.3738274547638,1365.158600426554,1368.063812500114,1375.366462882977,1399.785128879196,1420.3772064963275,1453.7464187899716,1481.2452313188426,1515.1486902091551,1545.1201433702226,1557.3656015217905,1552.81204152627,1545.52944978628,1548.6222281882613,1551.5468773771802,1550.9305910720586,1555.4917505307358,1573.1678902985875,1586.487793530095,1606.2205109633162,1626.3919635697002,1643.7214957628971,1653.262955328874,1659.5757340267764,1661.429007155201,1658.284833386654,1644.6875713257486,1641.4414273623524,1640.4420567017712,1650.636769223777,1661.374400059059,1680.7676732615007,1686.1741510311526,1691.4087627781262,1694.4998590633704,1703.4402061552078,1708.5464469360256,1705.1111568164092,1703.2242450075585,1700.4727679997088,1706.8691659788,1716.5398131076424,1725.939555058724,1741.5773665846416,1749.6844748995536,1751.4402555637157,1746.835659653495,1741.0691296881876,1733.815146215621,1718.8501845842377,1717.8573039510522,1718.493246959544,1726.5536863712498,1730.9390785480855
394367,66,"Baton Rouge, LA",msa,LA,1020.062939330732,1018.0701956910548,1024.8502267883496,1032.1993250081296,1036.5949803655228,1040.0735866246453,1042.264081563119,1048.2566831594895,1044.3357470407311,1035.6660548358382,1032.947856967575,1037.4415101033303,1045.1369529372787,1052.0554065590245,1058.1751660608377,1064.8574968117512,1065.0552348344756,1068.9027444237183,1061.4701828123143,1060.7627340553006,1070.3862243836709,1086.7805626022537,1108.1147243224634,1117.0990023248708,1122.8783951931223,1110.6878186319695,1106.0084732994874,1100.5582681054211,1101.7170543187665,1094.8719687568787,1092.6490665280928,1093.887395554049,1095.852408842719,1097.983061319415,1092.4143137102926,1098.4555948675902,1099.7353955388787,1105.8428082224486,1100.8014051624527,1104.4684865987724,1102.1070054355382,1103.8767283694262,1099.5304057143503,1099.2185466069038,1094.990672230517,1094.5996149026628,1094.9902118593377,1093.3707826364375,1092.8664981555112,1097.6203766266865,1103.694714447263,1106.2670559626804,1106.3973939444231,1103.681128928892,1103.1554250043528,1101.0772304152283,1098.885820668794,1098.357217347332,1095.3081932682353,1092.5222724835485,1090.1652865042154,1091.4081699041988,1099.211283312029,1102.2441713793608,1106.776494963363,1107.5734576515183,1112.9783585670532,1119.047652288054,1123.9688720173892,1124.285867648362,1123.951944348166,1120.603798983978,1123.953548960344,1125.2977773170735,1134.455359745833,1147.883015094951,1160.4537846471214,1174.4163485071597,1183.5083086528955,1198.6099107576867,1214.9397167020163,1227.0053334370273,1232.3638445436104,1235.3693717712856,1239.9993716351914,1248.9365473445523,1258.1698321235344,1263.4354936305165,1271.4987148254363,1283.418244228076,1295.1628284552648,1299.907763323185,1289.8031450868343,1276.090413640328,1265.8383376379973,1258.7516116317388,1259.107912745198,1259.0447926345332,1269.636971828317,1275.3223916893048,1287.4789944429144,1294.3633155578093,1298.410720311145,1295.24939202439,1291.5730373449674,1292.5594127912768,1294.4611149370537,1291.694751367709,1294.5517505918986,1290.2970244567368,1291.7856643796897,1291.0282248977542,1300.4124207552902,1311.5336404110049,1324.6505477297917,1333.1812477263045,1334.3392192767694,1334.135411893936,1331.9908200430111,1329.9492220736668,1323.0633223334569,1325.6284162399425,1330.830852997171,1338.5081403850068,1338.6252504332058,1342.887465785126,1351.701283010325,1356.7740935124816,1358.580159852031,1349.4472732523209,1348.4428214295042,1345.301279228362,1350.1880879815626,1353.9696967142015,1361.240857011272
394843,67,"McAllen, TX",msa,TX,791.6351928357976,801.2087785483052,803.0049720803049,804.5885314514203,809.4082518993148,812.6428849460696,817.0377518549674,818.9505389407121,822.6200178929715,816.4512096297192,817.0403089261524,818.7810155343808,815.4400423792708,810.5625190239203,800.5040842631912,809.5545071377712,812.4892425856527,821.7660906966,825.1015877028389,829.9398704628836,827.8522300472963,826.0023875955894,821.0455046558512,815.5050921690054,817.1033269631824,821.179518073691,824.9970344560612,817.8511061702751,818.318536587691,823.1379276373182,829.0411792343051,832.762356356071,837.226223325215,835.7194526832975,833.1813643237449,825.8765687898012,829.3050065371973,830.4183141890948,836.2501262923585,838.8489981943122,838.3947378961133,840.0188418583307,839.8517232143413,844.3810305487405,844.4193612981778,846.1217864552383,845.2110056279071,844.3325328041329,845.8380437205486,847.7915489623554,852.2680037283782,852.7088125186607,859.9135687662953,862.2305432220129,866.5467009596624,864.3513189970448,864.1025870323084,867.8581128572258,867.2001382770255,865.4765042054979,862.8076369000422,863.9036159130598,876.2310495288585,879.803866915275,882.1487997980763,875.8922755461911,884.2398903352821,887.6073838600526,895.026105211701,895.056126083126,897.2623726057592,901.3575029217976,906.5766363518546,915.6465102401104,921.2673344993116,928.94587520783,941.1861402117116,948.5205853495452,959.7699726016632,961.3716343695606,980.8618619715876,980.7391885323603,992.7064830203892,991.4159920645874,1000.689597990742,1009.5750714612476,1012.9805794610884,1025.5553921614578,1036.1207837852876,1044.0246901793903,1046.6085788920334,1045.8299493389184,1049.2823625020335,1049.0581263600704,1050.7066898408052,1048.5250607084345,1054.142566153591,1058.275087249796,1071.2355511212224,1077.2830594602433,1080.1023649314595,1083.479554809917,1081.9589114075804,1084.8121542215135,1085.9342133454843,1086.8736608967868,1086.5042318634196,1086.994385947258,1088.883415952753,1088.94821962763,1089.418875397664,1095.432518556693,1100.1579605128393,1100.278802029751,1099.4885327921634,1098.317927885617,1095.426580237778,1092.3021478629084,1093.2385845952242,1093.760995941874,1098.4169371025394,1095.6697355584126,1098.3029693753344,1096.1806713893563,1104.2530198677912,1110.5036943051775,1109.667866252804,1108.3375501850985,1102.288171450602,1101.3736576829972,1100.754992457994,1102.5185768692645,1103.9353780771576,1103.3185681198113,1103.028262080262
394908,68,"New Haven, CT",msa,CT,1169.226796235618,1169.585648506324,1183.998438241631,1189.0229452286533,1193.086889887822,1190.232927453496,1194.7752622214018,1200.6187511845376,1198.105210002951,1190.1754192174153,1181.379333112493,1179.719620132077,1191.4236167354986,1203.707873241822,1217.364434911893,1223.022254769675,1233.1336185853534,1235.429441847583,1230.895365941179,1222.643109264406,1219.6134151041267,1215.0108955980363,1212.9630751742536,1212.7627126216732,1224.951302687237,1236.524399144771,1243.1760238774368,1251.9957011610786,1256.0657980713354,1263.3821872435474,1262.0958571676526,1263.7324912214117,1257.1343409439066,1251.1288493416369,1244.5666001244165,1249.9124889057543,1256.0862798240894,1267.9451712417176,1282.3128882521107,1293.47262973459,1296.9884857077027,1298.5488543946954,1298.456875308122,1299.198058276644,1298.8844369307808,1296.3450153521255,1293.1758008836682,1297.935009807728,1309.6157290036,1328.2891297588403,1335.8750459759951,1343.4030792704093,1344.4759736799615,1346.4246792141764,1340.9755559994528,1338.197163638722,1337.5091167290354,1343.253785213178,1345.6597014777155,1346.747649288838,1349.1108334983803,1362.5805983218115,1379.821531120727,1391.882266514531,1396.809448879298,1399.0358172827848,1398.886186614305,1404.474866106602,1412.949975354755,1426.4648592634142,1429.4920390398609,1429.4294611652954,1438.9584012778407,1454.1963663343545,1467.992967894247,1476.747542833427,1500.192500032038,1523.341434601955,1556.7225179622264,1567.4206023202269,1590.5347089704503,1588.7815993399718,1600.105908058964,1609.6402495138725,1622.972006449916,1631.9575664410524,1646.9240821565018,1676.828457271969,1705.3329534084764,1718.264195999397,1730.2815039084674,1736.162922309758,1747.2989946364212,1746.3550229268335,1749.8925461171102,1747.6258294347324,1763.4281363319994,1770.4865398248082,1784.1505894476886,1791.3131936296518,1812.6343958513232,1841.343816770419,1864.118492750283,1878.4815064358577,1875.26357669476,1876.3865798535544,1883.9654872070491,1891.3346721738817,1903.4042219764965,1910.116872829825,1927.7695388792,1942.3934181180273,1963.584295328022,1983.943676229849,1999.7985584757128,2008.0987053858205,2005.7240876984504,2006.275429395755,2000.786541095976,2008.0616459885712,2008.1482151489904,2028.0815562958917,2040.336147913923,2050.597699960505,2063.644702820756,2067.4919110122073,2078.9616955477795,2074.760836338974,2083.0876160169028,2086.2957970929488,2089.081112354693,2092.62829788303,2094.963312176944,2094.4484461185543,2088.849338798614
394561,69,"El Paso, TX",msa,TX,923.8057159282702,925.95366755537,924.1651207535016,925.3558501257623,927.6251369234972,931.6818999258804,934.924281146323,934.7219529527998,934.8793831311344,930.1058349353268,927.2891519340716,924.0914680697188,924.6448771342758,925.7020460326828,929.3676805452528,933.5308452711485,934.9146096361214,934.7693186060944,934.519159626403,934.7822560912294,930.7722478912772,927.9406552105618,924.9792100983004,926.0109926836913,924.6151330855984,929.1535694290428,934.7173326794216,939.5942653238112,941.3454857742076,942.7916744311584,944.2344089700274,944.5715446628652,943.4248267546049,943.7226957935,943.2460403165528,941.8564664758072,941.869175911734,944.8412950920708,949.4203330142152,953.6660958701564,958.3301906121172,962.111909044314,964.5904012520652,965.759261589505,966.14116768215,968.374533555813,968.5344416216748,968.9632808202736,969.6665570819932,971.9801542096428,976.1539182988724,979.5677966236544,984.036811888106,989.0612131233652,992.754988487212,994.955184937196,997.0106492317664,996.2320377659944,997.5453718613746,998.270841527372,1003.5475973596168,1009.2507207150792,1017.689069130128,1026.436309870148,1034.2177846354982,1040.668678596253,1053.0495617807187,1062.1267357874883,1067.4827715459537,1067.5998312050465,1068.849030072434,1075.1615089070967,1075.7491586423205,1079.9442091306407,1086.7269247632223,1104.21493003484,1123.1623249924432,1134.2567485671962,1148.6275275332148,1155.889337188461,1170.7924512330587,1179.9411065281374,1190.774993281791,1200.8437817327792,1210.0393865777262,1233.0728729290402,1245.9067846862888,1255.5256103788522,1267.2361630453647,1294.6894550842007,1317.885014678387,1323.9412229599295,1322.006957248835,1323.45086847507,1330.676727537684,1332.5311508062518,1339.6225104642535,1344.9688829458896,1357.7038955586145,1366.4060278875577,1374.086615786474,1379.3380041365483,1382.3744541768483,1386.0814833948589,1383.9334133611685,1390.2193461564596,1390.4379118077754,1393.088702356457,1390.6468106676898,1398.2405006732326,1405.5077602168997,1413.652988784171,1421.8885503273173,1429.773145194201,1430.4528759539996,1427.0591444237946,1423.3408083573945,1420.8303230956865,1424.1316113278258,1430.516002115252,1438.9868821966722,1442.8034395879492,1443.9599156515656,1447.5753097230097,1455.887220944285,1460.8985185918295,1468.2275838322198,1463.620080171727,1466.85721890574,1459.964463902968,1459.6237467289934,1460.940530467603,1468.7397380123568,1467.2208178681335,1472.7362460527977
394318,70,"Allentown, PA",msa,PA,1030.2049743997045,1033.3345818617709,1031.6820287412488,1032.8512486628126,1034.240778975009,1044.3436369455878,1050.3731093568788,1056.70079345378,1055.4024347796033,1055.490421220052,1051.0811373317476,1048.632658967101,1052.1933284850045,1058.6586415236895,1061.6610093056572,1061.2033199697132,1064.522937181471,1069.694840742033,1074.8659759038749,1076.377515719648,1079.228049061804,1075.8134383177528,1079.9708552479858,1078.291327519914,1083.8384541968692,1088.2583544848226,1101.092473526816,1104.4401969480666,1112.0153025880852,1111.2448643920852,1117.5628655129146,1116.0710432580297,1120.448334707343,1121.0129034723832,1125.7764827939943,1126.1474041152733,1127.8513056112702,1130.6607962506746,1141.823214135441,1150.56462367019,1156.7720124385908,1154.752862570253,1161.5260495956454,1164.394866246676,1169.5657274879725,1163.7432653855687,1161.87695857919,1157.8226088426363,1159.5108839720826,1164.9593706658868,1175.596348656357,1187.656162949163,1195.4959520184595,1200.3026801792878,1205.66279438617,1208.261764668188,1213.1856296810338,1210.616570229285,1214.5694545856234,1213.1026942570636,1221.9219603490126,1224.145051757149,1229.9433814386896,1232.3374267617248,1237.7596112736603,1242.4379003567303,1252.4833848248063,1266.2180024441082,1282.9932861066022,1298.652342082909,1309.8328083521444,1318.6495301869695,1320.6451762945208,1327.4827929290132,1342.4257617295923,1363.4212070410028,1390.6190192841414,1415.8829311315149,1445.535989650472,1460.880951060278,1474.6166116934785,1481.5317358254035,1496.328359347805,1512.9192162070906,1527.6833169393233,1539.9154823800998,1546.3143834371406,1560.7750321354258,1574.8221046656697,1590.4362911057603,1595.6714256643156,1598.579728858719,1595.146593638476,1587.4059887698418,1582.2558402633158,1584.8340752130678,1597.8458942332495,1613.869934620873,1625.9540018288594,1630.7626370528703,1637.7952453458615,1644.4583292491818,1658.4893624252663,1667.2271619776045,1669.7536040776174,1668.419608125788,1660.6919699930822,1653.6088501101026,1652.710673559426,1658.476273956251,1672.3997492539984,1680.750316727576,1693.4281373886436,1705.424267366031,1720.0792799590415,1724.9935196857898,1732.7477914726348,1728.5501207669931,1733.0813366264958,1733.079971754579,1738.3459052616074,1740.6060354257818,1747.1264248207658,1754.369606711072,1761.1755935512738,1769.6927644653829,1782.8173393816437,1794.2289965768596,1793.8518839591154,1791.3634603991457,1787.3067662131716,1785.866767500283,1794.1432238570346,1796.6254498697313,1809.255419192313
394952,71,"Oxnard, CA",msa,CA,1733.4329728138391,1740.1475011237803,1746.2254196579386,1767.5199144215378,1790.6087390512118,1798.9718090602066,1804.3176465197744,1805.5105736125984,1808.8368253965036,1816.8057634144975,1814.7261825079352,1812.810930026124,1812.9269672433736,1821.2047448897977,1844.0348396282404,1858.1406390922368,1865.6944353778508,1873.074583671891,1885.5419165092776,1900.240970494103,1901.5738218466,1908.475090455422,1901.778874661513,1897.327089426613,1894.337402267399,1910.0568001373083,1940.484864266631,1955.7091280000095,1971.6981873109655,1966.258588406269,1980.3526524093504,1990.1475086621851,2003.3936622892145,2001.6864078585832,1992.2102083735135,2007.1436252056783,2023.0936063298352,2050.1563300910584,2046.7027055947317,2051.168668603428,2051.216035437476,2064.856967456577,2073.4930339381626,2085.0552715900576,2082.7453178060496,2087.413332796596,2088.6718617058064,2099.311479702538,2105.3054693507543,2111.7284146258,2125.1820204626997,2128.8383993788566,2130.861312085011,2137.8895632631084,2141.3539462253257,2151.965648751845,2141.5445143153725,2142.485443231244,2140.05153906562,2143.316607325248,2161.198830837281,2175.328119375472,2186.489055649204,2178.5450841310576,2167.1333480786707,2176.0345096012015,2181.124284592107,2203.8228330280067,2222.9071090325965,2247.6692062855286,2264.098993771118,2278.175404812305,2296.5159843031784,2304.138891869853,2323.932698292311,2351.801608992591,2390.41485600205,2424.797991566355,2458.5714641765508,2491.642935267287,2525.5773919450935,2538.0538943783613,2564.0813171104073,2590.835881333785,2611.7579622468415,2639.6608626443403,2641.6838092438065,2666.359298874024,2672.694553484051,2686.0705311416923,2694.7583136303288,2698.913571385909,2701.9507058931267,2708.00057020779,2716.817062157778,2715.370861020578,2712.104901543667,2701.577027806105,2719.9994458579836,2734.718748291928,2745.5773945180285,2748.3008918803075,2759.0438752689506,2775.16204127192,2782.896557041598,2781.5486517249205,2789.0297096631666,2790.3090589524277,2805.7610205393585,2814.3870257631047,2833.4950360316457,2842.645621492176,2851.14602482236,2864.791814016646,2874.119977177307,2886.96076423818,2883.4829533515704,2883.360509148631,2889.7019439846413,2893.1081952892414,2917.1961769923496,2939.3389719902375,2967.544135986065,2970.4500706807503,2972.574279089686,2987.1940861111048,2990.590119867353,2989.01610028751,2966.901420643792,2958.853758807918,2940.771786526851,2950.09369919754,2963.4140089365287,2983.9905581001613,2994.602869220374
394486,72,"Columbia, SC",msa,SC,864.5078066997268,864.6219335817245,877.3421359314145,882.3850806718741,884.91886068175,886.6811135051184,891.0023199371907,893.4530664256253,891.3037445317078,889.6133348606326,892.3210598033728,895.3400593075645,898.5697694254635,900.2427546334517,903.2999911785452,906.1429274650952,909.3794137559772,913.6606239402822,915.707328077632,915.4193643619648,912.8589632600264,912.113567812158,913.7571982230528,914.4582981040912,914.1615453810892,921.2457281073326,930.16209622129,935.999681995196,936.8704169654244,941.0778792816246,948.5059099251616,952.2928315719056,948.762902291636,947.8381001939176,945.260639362812,948.943100299803,951.3842608121108,959.58502756983,967.4353079943694,973.8277557379256,977.427298876812,981.1642434641155,982.9028268645444,986.1529087431368,985.9412712838056,987.7701099856012,989.99252362839,994.9881335383096,998.3520351521316,1003.7471162540812,1010.333732151638,1018.8132097092728,1023.1408889826384,1027.9993955624043,1032.2010691816652,1031.0658594149097,1026.9296467009435,1021.0228728785764,1027.2970955623632,1026.2509915668095,1034.8292836121084,1038.228115085899,1049.61525714809,1052.105722982345,1058.0266921251457,1065.619570212291,1073.723696084793,1074.8944938344778,1077.909306817825,1083.6461597469986,1086.9384748420223,1086.6597957504443,1092.7543242091458,1101.9481033195457,1116.5652571550152,1128.339991829135,1147.0325926886962,1170.0781721777057,1189.724901703042,1208.0606487259197,1216.3890312185013,1229.89839056889,1238.053686020094,1242.107217490774,1242.89420122578,1245.988892636628,1260.9195263672514,1277.4859630202736,1299.1579472454262,1312.961493532184,1328.563528865798,1331.023549014454,1335.9336303857376,1334.2713189291912,1339.619529613825,1341.037611900866,1338.881911929149,1345.0257840012682,1356.1606101656555,1372.688431963792,1384.4555751201794,1392.520715916159,1404.4029974160403,1410.755348088402,1418.8128501535898,1416.7409324528442,1414.131291356678,1413.2420691487105,1416.6441897300408,1419.176031464109,1423.8302065801042,1433.678324798919,1445.5584891902424,1454.9003486084066,1461.827005328544,1467.3874793693617,1468.2227694561695,1466.8726192322856,1472.9115858510452,1479.455855511291,1490.179179907925,1497.5013499943248,1511.5777234273182,1521.1343475008096,1531.3046611448028,1532.1932728331751,1533.1491060880542,1530.1216932445927,1535.3477630412133,1536.4874868528689,1540.495532036188,1538.8209568601933,1541.8613586279575,1545.628154483465,1550.5894812573854
753906,73,"North Port, FL",msa,FL,1247.732304354285,1246.3774894669737,1236.1778260004671,1232.6864653925854,1240.56516243384,1246.5768849985352,1256.1846862702123,1258.1240742588118,1270.664230215642,1287.853263125255,1301.9523788246513,1303.9814291602634,1302.0855271659188,1307.9024744283029,1311.6491655909265,1305.489895628211,1292.0577272613994,1291.9371762107976,1296.8362409831418,1301.980942614845,1303.7058166479696,1312.48978295064,1327.929557946513,1346.0135664835027,1346.8770939985832,1345.5142572328518,1350.2629525281989,1360.858122437713,1357.877254655949,1351.9063464445958,1345.5032068937655,1352.3767359706014,1364.998307319049,1386.934855984572,1397.261156860377,1405.2742980572775,1404.7149005572596,1410.028052255426,1402.5452720222695,1389.4610934893044,1383.3310659476415,1383.8831652532035,1395.2045771888456,1405.5469209615208,1415.7382257540985,1424.5879936917042,1436.5215280601874,1444.4733268608477,1452.1486940045334,1447.6644595811092,1449.7523967765828,1439.6198989205868,1435.845474362157,1435.7531949658958,1445.852752088113,1461.34279726293,1468.3426349674417,1478.7928222298128,1493.4600949707112,1504.8664383073376,1510.2070678285163,1502.6292963606008,1493.995222019745,1479.9373137603634,1471.790080192076,1470.3501489673597,1486.5118232084972,1498.1629980765374,1517.556180264999,1542.7799623821163,1576.7687962284306,1602.772250617682,1596.1884919686602,1595.6600842916446,1607.3051739122122,1634.685594387831,1673.432487009945,1725.134949409833,1797.352221798256,1868.0448519869956,1927.0451187097324,1973.7664360051533,2016.327898190602,2041.9828155982543,2070.987114189835,2074.768864149039,2083.0564179645357,2100.7657273228506,2118.0802349974847,2143.3724703582507,2147.6043663712526,2140.2819325808728,2145.4009714352655,2154.958302920832,2189.830392251245,2200.6156984483973,2213.5565760254503,2213.12649547858,2218.527471511823,2209.595568739484,2199.683448528809,2187.3264152901934,2185.140937902659,2184.3573101398006,2188.3615051576403,2192.5886061139413,2193.325963374123,2195.4974761277676,2192.082057449357,2194.5872393357035,2187.632684446305,2179.5782633535487,2178.1497524684596,2176.967951348834,2174.0269586158074,2181.3219631096026,2184.7200952505546,2199.327156579766,2200.4529472370896,2204.1161283267024,2201.546453460886,2198.966528343181,2198.301525651306,2187.8694739879006,2177.3283139255755,2161.478226731194,2161.62011239047,2154.925139472694,2153.4786071024578,2146.7662481735465,2145.167906803519,2138.4242703487703,2134.1783908106654,2125.5927726542586,2121.248724301508
845158,74,"Dayton, OH",msa,OH,737.707535307607,736.7265614584368,738.5342390932686,741.641020580764,749.7649132587039,752.417782769684,756.2294240604815,755.3142081429281,754.3496194995676,752.4374655681748,753.4546295627028,756.497428175341,758.3108718557834,762.3918325930842,772.271177650476,776.9805651290272,782.8194254065345,781.1730657524854,787.6485158503231,785.2128416742703,783.5124590795958,775.7070658130862,773.0019664468424,771.223294674604,775.9793537161901,782.9780275853285,790.7173788203863,795.161562656068,802.2991174434693,806.5226588539642,816.2242204940682,815.1749590876899,817.7543388043373,812.218662366235,811.5635488318852,810.6001095862895,810.9881504004576,815.8665245499054,822.9417130841483,833.1064655150502,839.5886142351621,843.8880930457007,844.3594338488604,846.8168286111203,849.8772586659143,851.3904476332102,851.8272236662852,851.539797643489,853.551386332015,855.4153866214134,860.8894959982914,866.5977841827995,874.3917791901226,877.2605344515065,884.079033177129,888.8971741832236,893.0289818617058,892.785311174217,895.3640040099625,894.5102627937064,896.4482793854982,902.3006446467712,912.0548845164212,921.3932891737004,927.837591376725,933.9397395010296,940.606464878338,941.7503311238256,942.1545725200352,944.1255012663,947.3953102467948,952.7456759943128,954.576692515698,960.5484487095788,969.7837603033112,984.0576451064444,994.5759004670952,1007.766437721624,1017.9443836940552,1028.0897928172117,1043.9190533091771,1052.696567673746,1062.410007898672,1060.3078637422657,1061.4848712771268,1071.0795776037812,1079.7650182517648,1093.6845592484756,1103.0353678001115,1116.5204010715709,1130.116389881168,1133.4104619218033,1140.4162499086833,1139.8066905089668,1144.0806676313089,1139.472441327439,1143.569385341429,1146.347084587909,1152.1285188495638,1160.0303850315877,1173.1022046078615,1184.4993834768986,1191.5547706520017,1198.5909341054107,1205.0171967570182,1210.2599599571197,1212.1962447483895,1210.7466071086978,1215.6406445516482,1219.6242588076109,1233.1277103841655,1237.396190758241,1245.7169214120531,1248.016937710894,1256.8638214230843,1260.4511883534178,1265.7018400532002,1265.810673908327,1267.354768817702,1266.6469423076046,1270.140719509876,1276.0084612147405,1281.6045026709917,1288.2257453036125,1296.2614541000787,1305.1874712562908,1312.261790164124,1315.3097711305516,1316.698504804296,1313.2652691204896,1314.0181063312252,1313.2913397527227,1314.5520792111677,1315.5339561408089,1320.887057708024
394457,75,"Charleston, SC",msa,SC,1064.0395144123192,1071.1328420822551,1082.420162912881,1081.5830661387286,1087.9349095977093,1095.2885639075237,1106.3119826225322,1108.9650669133089,1109.7823054737526,1111.2888780458893,1113.809962344009,1115.2085502126254,1118.3761429707613,1124.784390610921,1133.9250779612987,1141.7142863729732,1150.6629672412707,1161.321510243507,1167.781101995332,1169.0485644326718,1167.4129605450476,1163.7756210622974,1164.5074875165556,1162.3377882911009,1173.3140257855907,1180.8429924769268,1190.706042031648,1198.11221020702,1208.2202628225134,1215.9086575219103,1219.4277354282945,1218.4042424441536,1221.4796657548077,1219.762069412394,1224.532666534806,1223.3240908866571,1226.9146605658282,1234.7932035329843,1242.8235515252818,1252.1881776767564,1251.8090368733103,1255.3822011086274,1258.500230171959,1262.0030398442764,1262.898215742563,1264.0213021811676,1264.9015223505744,1265.644876121141,1267.6982897416915,1274.5538292264262,1286.7937303794847,1294.288034276783,1303.349226344376,1306.544054243047,1310.342328333,1309.0842891793238,1312.638775684455,1317.949906451739,1318.1181763509917,1315.751750541288,1318.9215305691705,1325.545910617296,1333.9552109319122,1325.4749279633563,1321.281049754672,1321.8216382787418,1332.4264080400555,1342.8342525991518,1346.1769287037655,1347.7241534550576,1349.308461520275,1348.740772365127,1361.778721952685,1375.8473295201873,1397.6496363773997,1412.6594006955618,1436.7667200324993,1468.071829316113,1504.8887083375591,1539.178139285694,1561.5363243109352,1575.6064857395893,1581.498301722716,1584.4968186120316,1585.8265375133824,1595.7924730145469,1617.859853758607,1652.5528296230232,1689.50267066447,1723.2661883656524,1751.8528966605568,1769.300539411106,1777.075065098814,1778.120438730435,1770.3684890630527,1765.1029132674978,1761.0004678815485,1773.315187600046,1795.4993835271762,1816.5441681541515,1838.7878522295136,1852.795850959065,1870.1792717334547,1877.6926449632813,1873.871563503482,1865.1581342544364,1854.6535365179689,1857.9827565299324,1865.6844273267209,1874.7809162419933,1881.080117091456,1884.4189410195652,1898.578870765216,1916.6471962138808,1932.3406755412432,1938.2566599954368,1935.975127348821,1929.6308452431,1918.591227342184,1909.350927575624,1910.5456660446252,1917.4808593430048,1928.6435620522393,1942.226442443108,1956.825178640468,1969.978230972011,1973.4391125894724,1972.919247816855,1964.087651425251,1957.557389310566,1950.6374594071272,1950.3310091123767,1960.9880138319625,1974.9661597858508,1987.2381455613408
394648,76,"Greensboro, NC",msa,NC,777.0040563749342,779.8193918110776,782.2140629927918,788.867321358659,793.0404188948186,795.9265664852906,797.6889016556984,795.3597877225743,797.3721981099923,798.0187999446998,801.713344586653,800.7777220886555,802.4792615368972,805.4460499499506,806.6883158940873,807.4501410157999,810.8510791988185,814.4966496881831,818.4126779529049,820.3531667992999,824.0803827571308,825.1075302197605,823.7261221329267,822.7478529595919,823.5817713892181,828.4473550231269,836.4053245368731,839.5207312622468,844.8756666257266,846.6983882412293,853.6124043486119,854.2932355289558,852.8336664220146,852.0316683036765,848.3011605633867,849.8535971200555,848.5244772494156,856.8044806895953,864.6572719584678,875.1221197396976,877.4546474237308,880.7307635358787,884.3874624668638,888.2274626683359,889.4904574995171,888.1782680055006,889.3955541809758,889.8802046785826,896.364426128017,899.4071768008524,907.6312952880564,913.6054487027696,923.0614986827386,928.1306097784724,930.7578100200224,930.9701703112348,929.5372458038154,932.100016070968,937.4586114504953,940.9310428796368,943.9629403467948,946.3315968139528,954.7154795059917,958.8142026274407,962.7198218132754,969.0198144799627,975.5863576560369,988.7966906826932,997.3226305500058,1005.3546154685316,1006.1267734666536,1003.2137628910128,1001.6978301170716,1008.2585912906064,1028.0134843408682,1045.649008198115,1061.566264381196,1072.124789882684,1091.887543897695,1111.2815297038635,1127.0158956737112,1142.0809123440622,1153.3471202223811,1159.6731833555434,1166.4339104358353,1175.44295060866,1194.227762659679,1209.3635054158592,1222.732646448063,1236.652373604075,1252.764387538576,1261.8925008625706,1265.8716057968445,1264.020237787809,1267.974867175451,1270.1141329255113,1271.927425258423,1278.4382823244048,1286.572169864858,1297.321730903471,1302.671953504179,1313.5683703573318,1320.399393766745,1322.1181921586303,1324.1860580902498,1323.4724501773337,1329.1290498756682,1324.9192849970166,1327.7662257762802,1327.367134990818,1338.128775307615,1349.8040753353823,1365.358628300297,1375.7994286628686,1382.8719149212593,1384.4751861709603,1385.5279806736642,1386.1116391871178,1390.0743841153069,1387.9579756285832,1382.553516089068,1385.6091724413448,1386.423106511873,1398.606179580138,1400.8175864311702,1411.93234062592,1420.8708219987366,1425.497224285897,1427.757590218432,1425.6606934643864,1425.167883586489,1422.2563605928135,1418.1910840313567,1423.3435838266555,1427.8279983059226
395134,77,"Stockton, CA",msa,CA,1219.422539858638,1230.4718225791544,1238.3971118584234,1251.4346896093998,1262.4132443080666,1273.641598910582,1279.0036375928323,1289.4797784794,1294.783390188816,1310.3081789181522,1310.6370226241013,1316.1721103948746,1319.7813525537142,1340.205287450586,1353.7846086166005,1362.9129702812072,1371.7009355036705,1393.3760211832696,1409.5931376573162,1415.8469576314292,1420.9994121261434,1424.9804574380885,1429.4937587255888,1434.5095166080905,1441.4158697367186,1451.322843701333,1457.335557318198,1477.9188378976694,1494.280206579762,1509.8848759105747,1519.8052567533225,1542.920599765563,1549.6911052021842,1553.095320877117,1536.9097334013966,1542.7825487691975,1546.8020267278885,1564.4247521082025,1583.5636059550425,1598.9163006592885,1610.8653354858818,1612.7042706012444,1621.615444156652,1632.1336194591895,1641.190080743623,1641.468812315022,1646.00730081309,1643.9455660034323,1645.7860653696823,1642.5974290571226,1658.9382866601636,1669.6813644379124,1685.4878738364832,1692.162276638658,1707.4745217634777,1718.0357881269035,1720.6670308091927,1723.465782029575,1728.4375372671134,1737.3132723376436,1747.339189269841,1755.789473468382,1767.2100914399143,1772.7913254367577,1779.7929195239976,1781.6258696572188,1799.1520348367385,1822.5179215241608,1847.5640142239283,1869.620075436249,1880.614455598788,1908.2412662217553,1923.7502782469744,1942.7295930690996,1964.840854444175,1994.9311086191697,2038.1477891818472,2068.9610166099133,2100.3482075070287,2118.7148110630983,2134.54499639563,2129.503812049818,2119.012558832278,2124.692420143981,2137.325452890897,2167.7640030121697,2179.837547384404,2209.402951293935,2214.0588806426167,2224.1997815257105,2217.307301992187,2225.881094298565,2222.72760804793,2220.0898947135156,2216.2708447913187,2209.697457170173,2209.7671562737514,2206.502343432526,2219.9431941819103,2226.399836785569,2241.610163668395,2254.544730330245,2268.2290172829044,2274.6984654191056,2275.074621815957,2271.6223726638627,2264.941102739955,2257.2536770609713,2263.310710282516,2276.1137641771993,2294.709423894387,2308.160874157634,2316.0825671998023,2325.4523906323816,2329.74183047146,2341.6382749352892,2339.269035817236,2339.1889771065335,2332.1160373068674,2326.224443516499,2330.214666495716,2346.531384503611,2358.9856780673676,2379.9116552918176,2382.9291856851037,2402.603034201062,2399.586192876075,2399.574271727705,2387.5598466620736,2393.7570477104214,2403.728159829142,2415.4476088844012,2411.4802589100227,2401.8043004047095,2395.9998993430813
394440,78,"Cape Coral, FL",msa,FL,994.2655801650496,1002.7597828338452,1007.5421345659051,1022.5659625242416,1031.651231473965,1045.4526355544103,1053.7757446982228,1060.64674268592,1075.1071588177222,1081.209179564208,1101.9305370890506,1102.7593330703137,1113.2467700623815,1104.5774022263429,1109.3227078440937,1114.1472760646552,1120.5895421349203,1125.0231162016976,1128.3563965369651,1135.8861405052503,1142.1435617954542,1144.2263141936962,1149.140131230602,1152.6052428000023,1161.460623844176,1167.5139839376463,1173.268780596783,1174.924659502373,1174.4271688070392,1175.514226618504,1178.02524045747,1183.5556191516062,1189.6765502038302,1196.6349861126876,1204.8703677479805,1210.365187224849,1218.972349640334,1227.4484160404804,1230.592889058303,1227.078531140734,1223.7603201839352,1225.3857353729038,1230.74533141912,1243.77520794002,1247.201201799439,1253.9577878004768,1247.9539600357364,1253.973483043324,1258.7285372985073,1263.1192906021015,1263.0108777365058,1265.2529820485654,1267.5401729036244,1275.0739228560997,1277.0771918951275,1279.7909059262936,1280.8027683109117,1286.3223163289172,1295.4244717782742,1299.9540889243644,1303.4843962540162,1305.9686472185074,1308.8411753088187,1300.760016627716,1302.9355987998426,1307.9415212183978,1328.3717372952638,1348.147258035876,1361.6293183455412,1376.2884529221928,1379.7502922499111,1393.8038778799091,1398.049990009217,1406.131507714853,1422.3386609965205,1443.3991757907409,1472.882900589365,1507.6431250319033,1553.7380294699678,1616.056005039775,1665.3826881354937,1703.3550246391449,1742.364825797182,1783.0957767545149,1816.334218860865,1819.258625139134,1818.988890394488,1843.5707826619816,1882.8544954036024,1905.9243688113413,1920.8122078743015,1920.9475596202924,1935.5165270461569,1972.3037593085492,2014.389582530938,2050.462595200963,2051.522525018465,2047.3962695134192,2057.5477420057796,2050.2283300427553,2038.204523792814,2018.7319086821883,2009.762658118746,2013.3580106158013,2010.893893339116,2014.9151354928256,2006.2913146515425,2010.7895625704343,2009.082185881332,2007.2272037535977,1992.7252313000067,1978.5563225503524,1969.195090672263,1963.0242649782888,1960.0719131624044,1964.578418975243,1968.7013688481657,1969.576677547204,1963.7177924127257,1960.2856896525077,1953.0569401977923,1944.8116325413084,1941.2909761245603,1937.279664325053,1929.1557195138053,1916.6693152331388,1915.4216106361707,1904.7289100512392,1897.5549850270036,1880.5656900450883,1869.6603343536265,1867.988538772584,1862.2984998674356,1865.216175371363,1858.9009738860825
394399,79,"Boise City, ID",msa,ID,859.8251205625453,861.9684525240101,870.9260077484768,876.7758131293942,890.624763276178,895.63475829537,903.8705441893156,904.9314516455554,908.7410231943744,905.2295940559426,903.1172040474164,901.856904499283,906.376365446866,917.1735531566608,926.6469744419792,939.5146434653896,946.0450538988218,957.547673537366,964.9538815075272,972.0544804879216,972.2622746530512,972.2418550020222,964.9941428452556,962.8452850196356,962.6702907192712,972.047333773196,989.8675438892548,1006.9584029633372,1023.0913345192588,1030.7396206839503,1039.702271570379,1046.4322692413043,1049.9542648305292,1047.567136037007,1045.1062796143124,1041.1788876809528,1047.1958939143965,1059.5713989834876,1073.0932851634436,1086.909984725052,1097.9932924253733,1116.630750552013,1128.635755776557,1135.1294793263626,1136.9619222422675,1134.2476138373693,1134.1385126112475,1132.746490838883,1137.533527889514,1146.2753967372605,1163.92323836366,1177.232583928707,1193.155583650118,1203.9406388830064,1212.6532880984842,1216.2124850245852,1215.042143051806,1217.4219270895535,1213.3112670539576,1213.6100992244676,1217.4775913990193,1226.6646176151055,1240.2589297998538,1241.8768123272753,1249.1048065979337,1253.8568403663903,1272.4564960948187,1289.1184499300418,1302.5560921770032,1317.150945811617,1328.7865415975575,1351.109751534688,1367.4230327627247,1392.203631434888,1426.1362321811796,1469.674866941543,1518.6797467787246,1560.2654532673166,1591.7407679901758,1610.092226378493,1610.3054602733075,1602.8376553718244,1598.5597784764318,1587.7173664733136,1592.954251553851,1602.2066269022723,1627.5291693533316,1657.1532979162062,1682.904625708588,1703.1564846250758,1712.9032536004236,1715.344239515637,1705.6848524494023,1680.4991408779558,1659.8417562182458,1641.2701197177705,1643.662252332864,1649.1877569369883,1671.8302457624116,1686.1490615638215,1694.4197465600096,1693.0757178369442,1691.3759124624503,1687.8818317390785,1679.1719767224272,1670.0737767734458,1651.9667773385777,1648.3896349623583,1650.5387289095472,1668.9766103180782,1684.3028526528644,1698.4789719909013,1713.6933010479977,1723.4825765224614,1730.7825726413746,1731.9576816960882,1728.0303934178096,1719.458465364598,1706.7973566450517,1699.3206111996144,1702.8036337721253,1709.381012318789,1720.9227722650546,1733.6298194824965,1752.6095743495537,1769.9981909417047,1782.7802484686094,1784.840715326298,1776.5892320363123,1767.1863689563645,1757.4080264266645,1753.5015558928017,1755.839139987403,1773.6542389550484,1794.3527533235515
394484,80,"Colorado Springs, CO",msa,CO,980.3470403198838,986.66571444035,991.0741186782644,996.7435883423186,1003.5979362199856,1010.0443121210794,1016.3931998438331,1021.33331269851,1023.3654450141036,1027.1219852585934,1029.3372143941108,1030.1984103404766,1030.3401971853298,1034.1840742583197,1043.267809819138,1058.4412323989825,1067.5879069322684,1080.194512537329,1081.0803347133378,1089.8340749123363,1091.362094756549,1098.3722599375712,1096.8771199235105,1096.7869073647596,1098.8403177647365,1109.9388622201095,1125.406275763703,1139.4072609747518,1147.2489519365768,1154.748345160555,1158.9203359709238,1167.1862925560097,1171.6325985051412,1173.2054711342853,1171.566711575607,1174.9985034205667,1187.2560820424535,1196.6578586418354,1206.2414378704786,1214.1994864339565,1222.8371816549052,1225.6332915305702,1227.7975646237323,1230.1900764761788,1231.2220098794255,1229.4890062243664,1231.8418487230597,1236.0711262507507,1247.8419994586443,1259.4913426332,1271.0378227156514,1277.561178843565,1282.482413662262,1289.8486541585896,1291.6650691056122,1296.3937908493197,1299.5279740375902,1308.1233961266034,1305.5833960018108,1310.6949490198451,1316.1930133209646,1329.2224630303522,1337.4915885918813,1341.441374823883,1342.04497030728,1347.6190710766125,1357.1670168637058,1372.253801324586,1380.341902677157,1387.7237132569303,1393.613503028639,1400.4554852581798,1407.1119503028874,1420.4130916035074,1438.4131570594866,1462.5464265966582,1485.574565891869,1514.3653783190475,1544.5341636397543,1571.2572944841538,1580.7301242108313,1578.530961565524,1579.4720294763467,1585.284032479488,1593.8264511260318,1601.9453406483026,1614.5623520709871,1632.840076628578,1653.133139369822,1672.3883276141337,1687.6281536466197,1689.8789341321435,1681.4196796694232,1669.323438963169,1657.101751277106,1657.2047723226276,1660.6540653111697,1673.990194405722,1686.1168071541565,1695.5232652032084,1702.9545754296537,1705.5042691170968,1709.8383536056856,1708.723356403225,1710.5043897069777,1705.8781497655527,1701.5428844088287,1694.7017940244714,1696.2394718664673,1702.5645648536674,1710.6847044444137,1717.9746032267378,1729.1397425603443,1739.750368599283,1750.4394510415,1749.41005562365,1745.615759983085,1736.9173081982428,1729.799859771534,1723.3670048493334,1719.5342451495935,1719.756358046042,1722.1572833197592,1731.7334925244843,1739.5586312956104,1750.262123780983,1750.0933989291414,1749.7658328255818,1739.8923438763538,1725.163451675631,1712.6567223945276,1702.2703057699534,1708.1780185730292,1716.7333254851635,1732.7706345761244
394798,81,"Little Rock, AR",msa,AR,782.4902528712005,787.5526286290504,792.3293538671658,794.061705951678,798.2290214410637,800.1894586399474,803.6086626477187,802.9838438341621,802.9291537628994,804.3106457751045,804.6512671045575,803.5366074904604,801.4235490110482,803.7000300648814,803.7781353343697,807.7490640965692,806.157643058426,807.1206393219535,806.8163874397566,809.751067442794,812.3250626671975,813.98922717421,815.3654726951455,818.6177733458131,819.6683425063085,819.078640068088,819.590329186052,820.9125536312309,821.5531951071627,824.1918667169119,826.2712013547142,830.1684093942818,828.7842910626831,826.5466084985633,828.6525910412196,826.3626491183965,829.082785084347,827.988084306784,833.6727102992721,835.0367415346265,835.9654379725313,835.6736102087464,837.7872838670879,840.1633085226049,843.6234660312144,845.9544931738378,847.0568223542334,847.659663974281,848.632139201184,851.4762824485772,856.4148231947878,856.0109757277004,860.891665422862,864.7774333944452,871.5812356648172,870.0018818528532,866.1637155360618,865.2388343290647,866.718968106301,870.0083931181624,869.3005579813506,871.5860268726931,873.973598398243,880.3747537241978,883.9236102290918,893.2042128559433,905.6018250523344,916.6961556613106,923.9024376325818,924.5348705865562,927.810486740426,930.209380160864,932.5955861562862,938.4092622773408,949.4127098360538,965.3695500896596,975.8096387435404,986.2478687830836,997.0226547659104,1012.670166715488,1023.3800974889529,1025.4496455342285,1027.5025120448436,1027.3618949855163,1034.8444986797726,1038.9076266326604,1044.1423130761134,1050.5306515180346,1059.6716006837316,1069.2378748971398,1082.1243170546034,1083.9447727858462,1086.0893431537604,1078.217954058463,1081.7071983847634,1078.4574576778086,1077.4098266616052,1076.5109448116325,1086.880763504675,1100.5031531843358,1109.6262437891628,1114.7549631984311,1118.0207725157384,1118.7465720364971,1120.0330549638095,1119.563502798364,1125.6980113171394,1127.0322246594978,1132.4045501977782,1132.5964837744452,1142.277411081224,1150.049417269916,1161.6248055598371,1167.203580446405,1169.5271322478727,1172.769263446074,1171.35123518431,1169.8342536364337,1167.76365308658,1166.1760412222686,1166.4532231806347,1166.9160153568002,1178.9404647568429,1191.978393168774,1197.559698212809,1194.7814179553438,1190.2612308380046,1193.923216058213,1191.7893901909529,1194.4323149805089,1195.9657587430263,1197.7255977750394,1199.9177263334834,1198.8929802852706,1209.303280750517
394766,82,"Lakeland, FL",msa,FL,999.715660466258,1001.5017638028364,1009.1717822572764,1022.870362645914,1032.735951034865,1036.373490695524,1039.5855694068414,1039.4552339136562,1038.252582432939,1039.7614139683935,1045.4711841642631,1047.0865430529796,1052.938317939741,1054.4391745302846,1060.9357485272435,1067.5133367711176,1074.7511058826124,1081.7953954877214,1083.8423907075498,1087.800564509016,1092.508864838492,1090.4479451836628,1090.1288457067942,1090.3259011502564,1096.7659399005613,1104.0291447771874,1113.1440142227648,1121.578036857863,1133.804818871006,1140.6249325099484,1144.1220925016476,1141.9551149960898,1141.579869801605,1144.7961366580655,1150.0399798228195,1153.912071435111,1156.58067075726,1162.2685562428253,1174.7910932273503,1188.425409132832,1200.9691171771085,1207.162912287457,1214.010078296701,1216.0735325158253,1218.227708104146,1220.040369311546,1222.8918290050872,1229.6071592946707,1234.8904608667606,1241.338812434662,1251.4296324020063,1258.2491320983995,1264.8292992784754,1269.8573796514258,1274.9221457232827,1282.9823808431906,1286.2550198958008,1291.0500807700455,1287.825414757826,1289.62889146249,1295.32998478568,1303.2131614211803,1307.0900583259026,1329.5282153963688,1335.6606181758048,1335.2575435012247,1326.3831235175246,1340.7728550522431,1364.4123073887492,1374.8545468407317,1383.2110878825697,1384.49092812134,1393.5382319457087,1392.678236077314,1409.3151826949,1429.3317105139392,1463.889075937359,1498.839775008495,1535.2030487801926,1572.2419146099503,1603.7317682247924,1629.4599668510482,1646.753228396301,1654.9671883252354,1665.658796971658,1675.6733535272804,1696.720085754789,1715.9384887017584,1741.7067067952416,1762.3089029176451,1780.0785145852676,1784.583891499859,1778.7574863098491,1775.2043494264797,1774.8636249024707,1776.5624170243998,1777.2936044895853,1782.4146198867447,1791.2330853771368,1795.462421373138,1799.4400307330266,1808.4516118966872,1812.9027528327335,1816.474773814331,1807.8495918304295,1800.807225777378,1794.4600414920428,1796.4389802661522,1801.6913213922928,1810.838789131307,1819.5294426062892,1828.1227651324853,1832.0301372362544,1829.6676627276747,1828.1299720273803,1826.90615392039,1821.0507957260536,1810.8850885174395,1806.754900555293,1810.8918253043976,1820.8134177017791,1828.014483361011,1834.9261279309349,1839.626837323933,1845.112606140514,1847.609409277904,1850.8650310156336,1844.592444883516,1843.802328240715,1836.53755937696,1833.5191341531845,1828.729896839378,1829.71978133499,1831.460672291582,1834.188555413651
394304,83,"Akron, OH",msa,OH,708.8591282891277,715.8008433036659,714.2822736780018,716.9065367428157,718.7989408011131,725.7849998515277,732.4293323770651,731.8636778591965,725.8451945803259,725.2150600400101,723.4806799283543,731.5348474703289,734.0907511015719,735.9621141906301,730.4406708967705,730.3417246316662,733.6953102405117,744.0478567689418,747.8656613199503,747.7867087683969,743.9332592556783,743.7779373327347,743.6117400211699,742.402134197255,741.9271502110872,748.3287349302115,756.4499664117111,763.4881275763014,767.2444600583208,769.7036540225,772.9324991076263,770.9404091928881,766.8318010496179,763.7642075662393,761.5723735828367,764.8324301396044,768.1296644414033,771.114562462771,775.8624679222397,779.0897008188927,781.079910633668,782.8080760093072,782.6669030405528,783.3880527916422,781.6211384813374,781.7720537144069,783.4483408025714,785.6500468623556,788.0530922005786,792.5195898457825,802.9162873130856,806.6220540535886,811.7039420282074,810.94963640541,814.9116627676174,818.9038863382136,818.2367623854769,817.8142078305904,814.1689319533843,814.2501650253581,818.1020498935521,819.0333932443419,828.9943011316759,837.551658311005,850.9432234923543,855.5332100003178,859.2199449664326,860.4656395646524,860.8491105240187,864.7031644337336,867.190267511219,874.7211887564096,881.6268059208879,890.5888430434111,894.1824557130662,905.1718473854698,921.8926094558122,939.7553236220216,948.7014459965256,959.2695905461388,961.2213774134178,963.1788779875956,966.1725068552582,970.749604224366,976.6350105296071,985.6339567998566,997.7595524323896,1017.6271165220688,1024.868797390503,1044.884173273598,1049.9221184349703,1059.0878751900505,1059.2419965409754,1064.2634851161936,1067.6082299605769,1074.3974780345975,1075.0978158276257,1074.2979177843947,1074.777828749921,1089.0837318419656,1102.7485071725969,1116.138943015582,1121.182972117083,1126.428427819221,1126.9727270363298,1125.3753135196098,1126.7491350950122,1129.6719897638502,1140.881200039358,1147.7707814289397,1148.71193143168,1146.5610770420642,1152.6916455718929,1168.8883801917157,1180.9658680491143,1190.7793413854602,1192.415363644728,1194.996069630804,1190.9766035703617,1187.2555292474874,1193.8822518941683,1202.7638233127363,1206.478946239395,1204.2283717039415,1204.5810643252962,1215.760515635841,1226.1463723053546,1239.505756987766,1253.0679726774292,1248.7541693161245,1235.9416835783964,1232.8579806060377,1240.43242200906,1254.6548594446208,1259.422335600907
394531,84,"Des Moines, IA",msa,IA,927.4030898381674,924.1340359211696,930.739765836384,932.3298675847068,947.184971709647,953.970638053342,959.1781582808572,952.8405367753,947.3344226884152,941.1355563778404,940.2104248226416,940.0491385623984,945.5479189221816,949.5976758462612,951.6913843936763,954.816442955744,960.1559574190952,962.9870156682874,966.4885388084616,965.4031176163038,968.232153127277,967.1965532781076,966.9253778073308,957.1566556782838,956.2676847968388,958.4629717913002,972.876357672996,982.8325797607396,988.9969448951858,995.5651009883316,998.8871303490072,1000.9633106842672,998.3926987694832,989.9284193464026,984.6372671969986,976.646517004682,975.7937043855256,980.3416727562028,989.458135229622,998.638646610016,1002.4931481615664,1015.8222850238602,1017.888090402696,1019.8222540067568,1006.1876205716308,1001.2576089323812,995.6821596098908,996.9294344728862,999.5240075029726,998.5590131593568,1002.1316414854108,1009.2739097594108,1022.6950950994554,1027.9354795543306,1034.42820070329,1033.8110448210184,1037.4080181445415,1031.105846052872,1028.887121360866,1020.4526463750816,1022.62983640973,1024.0010898512712,1031.1486359400558,1033.163028362594,1037.0289685964235,1042.9196238695038,1049.7301104064154,1055.4497490407366,1055.9751303864753,1057.702204044438,1055.5734139849235,1049.6166571400308,1049.4989452007533,1053.2798633794812,1063.2781290233777,1068.2200545726184,1076.0502593006574,1081.557626218569,1089.0583647215603,1094.4814637765958,1104.0125478482737,1106.6815153457428,1106.2441353890845,1104.2449448368195,1107.6692281512928,1115.3549956687084,1126.792388818283,1138.3276032393294,1152.4973261847254,1165.6116189425247,1181.2212248918463,1187.4135479456231,1186.7374107299331,1177.5974286591977,1172.4765128330864,1170.577592389575,1172.6462251739542,1176.904589483173,1187.6347649497047,1196.3997780954144,1204.9024295392776,1210.6678515982674,1217.9656029597368,1222.303569218748,1218.530761156369,1212.9200711179928,1207.300118324309,1207.129471942659,1210.1185780609453,1219.232777033555,1227.5392330836592,1237.159976651258,1244.2377764460637,1249.87826930752,1254.8169946968883,1254.754744694064,1253.3121960919104,1246.2913832782956,1239.6028687685643,1230.959135389401,1229.986418804144,1233.306522105796,1245.2222559888194,1250.4886849784411,1257.6406056525518,1258.4198477658415,1266.151621287386,1269.6724929891575,1269.180662985207,1260.1072195837417,1253.4596708931583,1251.6454307280023,1253.4757391449657,1259.853283636593,1268.0793185967866
395115,85,"Springfield, MA",msa,MA,,1038.123927699553,1038.4293667626057,1037.1338555726238,1035.301964218336,1052.8953880053857,1047.4599249697194,1047.6632242341163,1043.7752362483393,1053.1688676682045,1058.0724787506592,1057.353777431851,1056.6932283901967,1054.512989497773,1076.1073638925338,1084.117516596311,1094.3941948519407,1085.646168861052,1099.1448073789416,1102.516367799327,1108.059588371738,1112.6714099972064,1108.062790606767,1099.9771495721843,1081.208806610712,1080.9177935765902,1093.1406491147652,1108.8843654014222,1124.1474483349216,1125.952514279897,1126.4964748660943,1133.4525096756208,1135.5951525080045,1141.3559073236715,1136.8170922070317,1138.3361166117445,1138.5466001639627,1141.1397072416355,1143.9760375344615,1146.044309502014,1157.8441564063835,1165.1095212733608,1182.8181297226474,1190.1534649307348,1202.4927443051804,1200.1409705208291,1192.3037553356005,1191.3516541979927,1195.8537769155976,1202.4561638236032,1210.423659080005,1214.5008640106048,1225.8007844990284,1226.4677205785847,1229.1688774193185,1226.7305840384945,1227.7127895487718,1227.554869502002,1230.656006006149,1234.9189982623589,1240.2887405831175,1257.0723589668874,1267.8657152679375,1271.3990282877355,1274.366326942176,1273.4013188551792,1287.7167428990194,1292.630464425472,1301.5097736269024,1317.8283186114102,1309.3841943938849,1322.968332394153,1317.6337246274684,1349.989661585106,1367.6672461935475,1384.721325035181,1384.0127456612238,1374.3411954516205,1380.1121031056734,1389.517022808207,1407.5709591098798,1409.7549246541237,1414.1015481238328,1432.336944682466,1446.1596277604583,1476.8342526393385,1479.5207486167624,1512.7284443442093,1518.2099261794704,1538.2851442561548,1535.8926673747353,1545.8462391118055,1550.0421325230493,1579.660014839139,1592.6858674051025,1622.5262419718392,1625.0123272832675,1629.0047797668003,1619.814844467643,1633.9803513417194,1654.0088014169164,1661.8515193692792,1659.8370348268213,1666.3935419317845,1685.3570585908851,1690.589464908685,1706.3911470506112,1718.5987636869538,1724.0538318492995,1730.4605151791525,1736.191684383028,1757.6552965185604,1771.2868264650972,1771.4429767779077,1772.3325181249222,1768.019741234183,1785.7962061921364,1798.319867955299,1798.8672327575014,1801.3973114823882,1796.4735122000116,1809.49605414032,1816.5103200253984,1834.899619876676,1846.4465516505927,1854.673629496179,1868.6900206105731,1877.3898124953823,1878.852280118738,1884.46177088407,1887.7003968612285,1906.575286530908,1906.652605468365,1910.136586260823,1913.2097908931016
845159,86,"Poughkeepsie, NY",msa,NY,1117.3298930126746,1119.123596343493,1137.4645325009897,1145.535814532858,1151.6646735800125,1152.5614002484556,1157.1627543702964,1174.4601390261018,1183.1459090976996,1183.9675763805365,1172.387831851804,1183.3940430789191,1191.449901771478,1202.8374958909617,1199.5591285878515,1206.0163995827838,1215.1407293853797,1213.03461608034,1217.108578252854,1216.4162048031887,1217.7593894780048,1212.1563465279362,1196.554674378716,1204.0058681171354,1213.451894400312,1240.4195323426409,1248.7348914976133,1265.3643569810313,1271.238592621684,1280.632038774793,1278.7268312880144,1272.3220993100026,1275.921196803647,1271.276766551616,1281.1287676515483,1280.9772784336628,1303.2339333147302,1313.4784133277112,1324.53198930758,1320.0231586779028,1319.266030091859,1323.871974521065,1328.9094507454824,1342.5872434351172,1343.932248422576,1347.5283194928925,1348.8349582250223,1358.8319905107576,1364.388088522046,1369.992939101057,1374.8153425780577,1385.3462008516717,1391.2737414782468,1398.8702092789872,1404.3219288035914,1410.574740202169,1417.4194363562756,1413.9026400278644,1417.201984755759,1422.4829821180497,1435.5925847595329,1447.3728383629075,1456.131504796442,1467.5345646791416,1476.317225570613,1495.2835862549596,1511.188620239392,1525.090731316581,1534.0362640511237,,1595.1309739368576,1605.0121254394385,1623.01228192196,1606.5735147895905,1635.1980980333212,1629.6700312844982,,1686.901801041941,1723.6806704300193,1726.4096644108872,1758.8156050956609,1768.540019715418,1784.142594591356,1786.9390826356566,1799.6161143348852,1819.338242785887,1849.098039334301,1860.9161819175515,1870.1653228846976,1889.801108979129,1900.3333334817216,1907.070687296868,1901.623987046668,1903.761429280532,1893.1697324162533,1908.073893498446,1914.788801638117,1938.0789894269992,1938.0717689277697,1968.3163180095628,1980.642127632326,1993.4079263213332,1979.554608664929,1985.2957733739393,1979.014107405439,1990.1471748617928,1999.1398029544932,2015.6161718520757,2028.719697830608,2035.50332817511,2043.883409030566,2042.770305373314,2051.9492945678626,2073.2998157251295,2085.487776290936,2098.0506013035615,2102.291379673968,2117.1379051945655,2119.2943025942363,2101.4273280903817,2110.893742415026,2122.8363705741335,2148.9062713914027,2148.4426109795427,2141.810378048057,2143.8474312548633,2144.4420433431997,2158.3535769283694,2162.7621108218636,2167.0206743037575,2144.0092228305807,2145.8120915665654,2151.12468349823,2185.8691940169424,2198.293045200373
394931,87,"Ogden, UT",msa,UT,854.7854141091158,855.473225857612,863.0467964389305,868.7581475265453,878.9370699199699,880.9289804130653,888.2483768261094,885.9657373024112,890.1926031423504,891.0514836084753,888.5422919357687,883.8364260557753,884.6726955223925,895.6922181975496,903.3675490648124,909.2188630339468,920.1877957773776,935.8144026293744,948.452968597141,948.241015173163,949.0250639085576,945.0835226820296,948.9956252817748,947.2489707421386,958.7872240472392,967.5926744480907,974.0328365809416,980.7332293693922,979.8650823473042,993.5724004564224,1000.2947130142018,1008.576189227142,1010.2088026480492,1003.8147360254144,1002.0474750063028,1004.4914169401936,1011.8668506086168,1026.4907319522288,1031.903205315199,1049.770124560257,1056.9003953132512,1069.6152777007644,1066.544816678515,1071.0236910492713,1073.4594931157585,1076.3139009223253,1079.2049522578864,1082.4255385157212,1089.2183829854143,1086.8582518367414,1098.9577964275004,1109.8536093807454,1129.4409227255796,1135.362408357335,1140.5983013352222,1143.1337196274849,1141.0730946836495,1143.1891282786123,1141.590207726102,1148.188909210474,1152.990519129793,1163.5052634956282,1166.060746100609,1167.8701743514373,1171.9691923142866,1185.6030329250198,1197.5992850865196,1207.8055744878304,1206.7607790606148,1216.0418110715832,1225.9497795012103,1227.9812817739798,1240.7168274244086,1250.3508691298566,1271.7934531231258,1290.568014105919,1315.5125719484736,1346.7384143042352,1371.507518582841,1391.5957344868625,1414.3989106703104,1424.1399877432516,1426.6858963155091,1445.6258508879291,1463.5134915124356,1493.5124771318988,1494.0987255973284,1508.532145387165,1520.0185204052834,1545.784548036984,1552.4188565087625,1552.7750704073312,1536.118427538098,1537.226039153959,1531.6054894267147,1526.7843564730376,1523.3876641855595,1538.823906403071,1561.865505730641,1578.518955487216,1581.283233085678,1585.9624374484931,1587.7729068770975,1591.067050992417,1581.5354027499984,1575.3783387509404,1566.2567684158882,1572.3315325595313,1570.9606933115458,1573.7596268222808,1573.2365847360038,1583.4823983610258,1595.1042191614144,1605.225521788906,1610.0292168715357,1611.5258859312898,1606.0579060180492,1597.342360256697,1595.4664058056785,1590.125137504377,1594.5271851019377,1597.247215280698,1610.2378918394606,1620.9653132969704,1626.737076225945,1635.3461311526166,1639.8367149821613,1646.3808417985583,1639.504858708852,1628.849478544004,1617.2101226719583,1617.162447372908,1622.2687792440383,1635.4689662117294,1640.7230184509788
394816,88,"Madison, WI",msa,WI,1037.4751345057462,1048.0046381169475,1051.0897952101277,1061.3621186681596,1064.2460504818669,1067.2418188523868,1060.831414477327,1066.2157875739824,1064.1047891613018,1065.8086748983455,1069.3933165136457,1075.391550298,1080.7844769273422,1082.300601726939,1082.9639824931962,1087.1973460389336,1087.2887425827032,1089.790643377576,1087.948232728812,1088.3603135579144,1080.9295435372658,1082.2644576901646,1089.2536115883936,1098.0310764468188,1103.401483884266,1103.616044764809,1112.1025967276391,1115.805466409398,1124.3784947844636,1127.2788906361156,1128.9857425117468,1124.7428424975974,1126.4352258238348,1133.8023012388303,1136.0422721667517,1134.866617635868,1130.8964627150513,1136.1020147889728,1141.0303029329646,1145.536059163341,1147.680983682406,1153.5402014146428,1156.159102212818,1151.088605370933,1149.4734460585455,1152.3099618783092,1168.544549521409,1168.675060107343,1172.98857015604,1174.9528041777735,1181.167226831505,1181.6529673654204,1182.838709192742,1187.041671747399,1190.4967097248127,1183.9904386913831,1189.072625608381,1193.9793836762935,1204.8836008159549,1209.0922753494126,1214.6515452923054,1220.241905322178,1223.8007313658072,1224.2308075019132,1223.108431212073,1221.4280391481027,1224.6520050779682,1225.231354291613,1225.1694128559652,1223.9266716938512,1229.7377025328078,1231.2534555420996,1234.8062347542357,1235.927671384639,1249.7950962950968,1260.636449009346,1269.2131648457507,1272.4136249887715,1283.4750139921578,1291.495460524564,1304.770726212187,1306.8046960165575,1308.4730477405358,1310.0114047184386,1317.6793432731583,1326.784561096177,1332.5583890722503,1342.1434271918704,1358.8880214340754,1378.1007548092014,1394.1566907178717,1403.5133617854897,1408.7032114021276,1404.816951370021,1406.8627129799338,1414.4423185180194,1436.297702383123,1457.9351632026878,1477.1333180566862,1490.6881204239726,1504.137791123954,1518.4880666748816,1529.4148771646785,1536.9018663619454,1534.3718873320422,1534.2695505543609,1533.2819459626085,1538.49865437589,1545.985980767117,1556.4198696321266,1569.6852283693072,1578.2239745064833,1581.7069514233629,1585.9139519018534,1584.9768629078967,1587.475311388543,1589.3194805724447,1603.866637699863,1609.5291037787654,1617.765741970191,1613.5311588598624,1621.8238508766772,1626.7743083703388,1636.152318944689,1639.3364991292622,1643.2455571945904,1641.4528520059837,1641.6246570735686,1652.7191889931446,1664.151105894111,1664.0453502083226,1651.933829150451,1651.0994162507798,1662.358763790405,1673.1994360400815
395235,89,"Winston, NC",msa,NC,796.2819222219379,800.8474263521174,801.474163884097,806.5221547239405,810.512562782431,814.1295873217324,816.8363456338269,817.4318843628324,822.1564529482264,822.7617603045752,822.2446090748341,813.1314157681181,815.6571783797859,818.3732163964595,827.2984440355001,833.2575578067707,838.3871668915789,843.588648293046,846.1760014259885,845.9511581004839,844.9866157829772,839.6773237058405,841.9945914165437,840.701135845452,845.6570450315108,846.7811453172778,858.689096464131,865.0424339650272,874.8852201840982,877.2351444261672,880.6582836115756,879.3932070534559,879.6733129403794,876.7401532434411,878.6351216747855,877.5922477737387,883.1122688429014,886.6265067156136,896.0354954868108,907.729255707891,915.7033242490804,919.0929902012326,917.4906420621244,919.8664057210904,922.521899662561,918.5106914878372,920.0623061555192,922.3937227439668,930.4414464778034,933.0940774400832,942.1421523652208,948.3028391171268,962.2624360388552,967.0248294146317,972.933534695264,965.1535224950584,964.7869013975544,965.4851225505428,966.3336845228504,963.2148726361884,967.288706754704,980.120430122978,995.9964089270304,996.3231474711864,998.2896191138364,1001.50222704802,1018.8231035437212,1030.154157528954,1039.098771502144,1042.5502383907085,1045.5061098059762,1045.0510667378137,1055.0171466338538,1062.585477692657,1078.0071516201276,1095.5418588673222,1116.57494368399,1139.8632864125318,1156.934887564512,1174.2844755084316,1185.4369788490783,1194.1599646642362,1202.8924290420566,1204.6083342873785,1209.4588305701693,1225.03351522583,1240.0170076764666,1256.796166578188,1265.0333956186432,1282.1285113762765,1299.5035364437097,1309.821073733071,1321.2683128021183,1318.0644302114886,1313.5934433100354,1300.0146286116549,1303.836171057805,1308.946986032081,1332.074659035898,1342.0427626308256,1357.3506718923406,1357.6838482215758,1371.683995341699,1374.3924495898457,1378.008794091307,1365.189316734646,1358.777493325853,1357.9189844537864,1364.841609603849,1377.5435869301405,1386.0137945257657,1392.751853364814,1399.7262548184622,1414.0119114050146,1427.8018688853106,1432.2987056009072,1433.0733176319593,1435.4705365362777,1438.706095161976,1436.1092738314323,1426.7765350072368,1434.019755052169,1446.363106137069,1462.68882338426,1476.585258323479,1486.2490715201557,1495.0323361386477,1496.848996603792,1494.9723152338695,1486.1082549391026,1474.8021825929886,1476.238044424612,1479.635294072301,1497.615001312268,1508.340138181601
394528,90,"Deltona, FL",msa,FL,930.3895354236504,929.4866698840856,933.7289073829048,938.4145465027872,950.8707816731278,957.65893166701,966.057231026063,966.9447466107066,980.5405816141284,986.051843745434,991.3846771884448,984.1939228403392,985.1349205694306,986.7222957025078,995.6852182761064,1005.0512555213046,1017.051733543127,1021.8856785521328,1026.858871398225,1030.084254155659,1035.2351682573828,1035.3168175667306,1040.2996646130423,1040.7199824588042,1049.8558606491015,1049.886390854174,1048.8989257652138,1054.831921686054,1067.5625070290523,1085.579334910999,1090.861025949158,1095.3459652479105,1095.4759879040266,1097.439923536562,1098.986296882642,1105.6048024667125,1109.81069997116,1112.6694017482776,1124.7440655800372,1138.7262664398147,1150.5462935912717,1155.9394799748225,1156.7944115141613,1162.5085813874443,1165.3532129160808,1170.4403510801378,1175.4651968952296,1179.714627134197,1183.375160509527,1187.7279434820146,1197.3205488663225,1205.448374028574,1213.6468443934268,1215.8833327156249,1218.5018849410426,1221.5047396982898,1223.5331775445952,1227.7496005742555,1228.7799335792013,1232.552101754062,1235.5425874967148,1240.7003166515292,1249.9624903727304,1252.5297587464097,1259.595238883335,1261.792294958192,1273.7556692268288,1279.0647716026258,1289.731723518673,1301.651721854419,1309.113213541409,1312.154395020481,1317.4812643096125,1332.4190877746817,1351.4714694001823,1368.3352014756788,1382.1995690215397,1401.8509624711594,1434.5760609114534,1471.628085275837,1505.532908918629,1534.2361502355775,1554.729797586959,1566.912734406042,1573.8544149166546,1589.103410767701,1609.373616239775,1631.0000768461484,1659.168661745273,1684.3518291217797,1702.22985365531,1704.259087908645,1707.1337470063847,1706.431084503852,1709.883759249417,1708.9382142868883,1710.5881704407964,1714.6070348903106,1725.639562628528,1736.975752093191,1737.842919459457,1738.7227160675188,1736.1471053392695,1741.5928313712984,1738.02513007877,1734.8277891677249,1728.361520059338,1732.45124204822,1733.5833806352082,1736.6877984044108,1738.221099298876,1744.149661632872,1751.339378827514,1753.1599178374115,1760.399364553329,1762.5647539543831,1763.4973847996837,1755.9628374876247,1759.9371826795395,1756.8157149878846,1763.8911163306468,1761.8877888071402,1773.835478131257,1782.0135538133634,1785.1847006239982,1784.606995811597,1784.9130134860936,1787.8967404482776,1790.570504486013,1778.4689938557551,1780.3332932633402,1770.602187797664,1776.7771423131828,1773.283451370872,1784.1658223017291
395143,91,"Syracuse, NY",msa,NY,,,,,,,,,,,,,885.6809802596492,891.8377630923399,920.0346711912148,934.8352795719952,950.2528090840452,948.02904265053,934.6394780784358,920.460495547082,916.1740260297702,920.140315539753,925.3784588676402,933.1498346014582,942.027229034774,964.7024674043925,972.3484475120748,962.2944972925068,939.3568572803028,940.8416471393516,952.4690850486076,960.1236181633964,960.8790171149678,974.920278237852,978.5025471313156,979.9131693700144,973.8713651753612,977.3401163164156,984.133262531258,988.0344127992628,982.4725389667016,988.8239865117,983.732257094133,991.0561346616416,987.7293854891592,997.974349532704,1008.859490133128,1002.07886786413,995.7080171084572,989.4241427620696,998.1968936696192,1004.1016791517256,1011.5610407932496,1018.7359049709512,1033.4801263173883,1037.3596715915228,1037.7450255017395,1035.5082901159064,1029.6038855146253,1030.3719615599025,1031.385723692585,1039.823578170511,1045.7981510252143,1054.8178950065994,1065.138757201213,1082.5715463641284,1092.238736467463,1100.9887214114565,1098.9064531998793,1099.0455908970976,1094.624924547968,1087.5225360470254,1091.4559178241452,1102.35614775546,1122.1452887136518,1143.3116240591416,1158.1898662568035,1177.0847802891526,1188.4697968551532,1196.5516656898094,1208.6655825263738,1214.8401474070529,1218.72140958836,1234.562533844027,1233.0026479585065,1242.9889959348714,1250.3609540547452,1272.6676632786166,1305.6226903716442,1309.2736554859205,1318.1395026566486,1319.089970993859,1323.7297014852356,1335.2288510583007,1339.2045275928326,1328.233947288291,1322.0138267910943,1318.2008609088691,1340.5714294135068,1356.6161523137007,1374.9949420555572,1378.9478988220771,1380.2580453803137,1384.2722712623497,1382.1790509018404,1384.7087180000071,1387.8234191280071,1406.55894587412,1427.2256961037515,1439.690914793494,1447.339131981583,1447.390236160043,1452.2115171843636,1463.223943328053,1473.2334157796531,1478.1245663162852,1475.737043078733,1477.8061619193038,1482.077290794614,1508.9396681728629,1521.2152993789523,1531.792815647578,1524.2607668913522,1532.0300242788776,1538.0232524860585,1541.4923762225578,1543.6904632733074,1554.5102738701532,1569.819727873345,1557.548431404415,1566.0239534860098,1571.5775222776683,1605.9675836077326,1601.940902399296,1619.196972641321
395006,92,"Provo, UT",msa,UT,1013.79225540498,1011.1427597828598,1030.00611161281,1017.79454223596,1017.1442069500114,1019.2267694347933,1035.6714881234209,1039.7305980345911,1040.801028085291,1054.6121189601809,1069.3095861191148,1072.4362163825365,1069.971262532913,1066.9734554940248,1068.33785684575,1070.106426409643,1079.5014004250072,1088.517774119385,1097.818039517897,1106.6615485031075,1105.3174439166978,1111.4225506108107,1105.9217114647772,1108.821632020948,1111.8437143218125,1122.0205737166168,1136.9730836556353,1135.1231491082003,1148.4366442324078,1153.1108599704685,1166.84211821495,1171.4347259588344,1177.056791960399,1167.3968625583404,1159.0968267747808,1158.7352719730354,1176.1798842340122,1186.2728525939567,1193.4626537526808,1202.7331941709851,1207.3807769315924,1212.5948462212327,1219.2438397291464,1224.2537712999974,1220.5711681671082,1209.4635875027086,1212.7958100253252,1220.497144955494,1233.3288636935767,1238.8087423674374,1244.5599164471269,1250.666612395743,1257.6438302923764,1264.7079795723578,1268.1040065616007,1270.9640084397715,1264.7254770850172,1254.8784884486963,1251.059493859625,1256.546231490939,1262.7043295912747,1270.6973740335868,1276.821123394504,1282.0240809493614,1281.1819856986203,1287.8716955825566,1300.1141343558174,1310.5447062351952,1309.9000375496837,1320.5723971784932,1326.4629437513918,1342.9150455733975,1352.7488830697805,1361.9310689510023,1378.478925475091,1392.944340657784,1423.290829360428,1443.7012959837184,1470.5594431264938,1491.411287430972,1518.287497655682,1541.8322435605314,1550.518587278944,1558.0926167382495,1558.006479401818,1579.8993596168184,1594.689433152426,1618.562870085687,1635.0039399064738,1653.2766453628576,1658.254035855809,1661.8215882799566,1667.5992193370869,1656.1016602823404,1646.7802120218328,1638.216398370241,1640.6264357833224,1649.5735627481731,1656.2352334440625,1661.3848624083075,1671.6194381085534,1678.1788710675776,1692.2417595069314,1688.6974928072568,1683.830281653777,1684.5493516820018,1679.1918222588895,1680.9459441479885,1677.4873326829402,1684.4429813540874,1686.2630745259494,1695.6151096051738,1704.942281537296,1718.301243493209,1722.5434550913476,1728.1028074113235,1716.8235893687836,1707.825306910176,1696.877684264889,1687.607929214016,1683.7556509114652,1689.8145490396876,1705.9874827382655,1718.366338193286,1727.8795130174492,1735.1724807433927,1745.5474739039123,1744.8433701934496,1743.7811190678826,1739.1891016787808,1731.6534829471552,1721.8777139856186,1716.9601792254623,1729.570240656573,1742.6751761644548
395160,93,"Toledo, OH",msa,OH,688.2861110136172,695.1322325867102,699.79494387867,702.1230889212616,703.658432644874,708.8356651559118,706.6512059118302,708.5367457783566,711.7525547823905,716.1638884036171,716.7967403067349,709.8892609996559,707.8757665684102,706.4324065901644,716.203937945824,723.8731480371612,732.3659576286556,731.8729823866784,733.4143200604129,734.1816523477572,740.3586186750588,742.9996230243668,743.3639522829836,739.5085012687754,737.3967488767156,738.2439438261514,743.3334345621363,750.9208207400532,757.0441705770054,759.1303730436986,756.8079548414729,752.1917595366798,752.385997469142,753.9103296636663,756.3760203093567,756.8217789836723,758.7895471543013,762.0147899088834,768.3066854723194,772.3466695815298,777.390447710418,778.8439351106077,777.9307728174097,779.7319662342413,777.8112302558985,780.7625504494322,780.0612175375154,781.6067832439796,784.8416751532759,789.8462094625567,793.0758672831938,797.189144371132,801.1835664377928,807.0487106069885,807.5921900709507,806.7549546083435,803.2374619773843,803.6942633043639,804.5765084860906,810.5433634321337,813.6946401574107,820.9111570155408,822.3302023652209,827.9670064868521,832.8811809800939,840.5628703205989,844.014399988662,839.5357887371872,841.7145355225151,845.1535956712761,848.3285364338358,849.3185590592411,852.8105408742574,864.0947794876844,876.1062720118332,889.0624368350433,905.9258372754196,918.7624248568416,936.1947144005024,941.7038482382964,954.545663752812,955.13780851387,962.7366717110511,962.4818478235244,966.7015123913856,973.36690621644,988.2815787328958,1002.9668654968144,1023.105324031046,1043.6325064044404,1056.0709276090563,1057.2230778782157,1040.7942887428835,1029.8477495785396,1024.8483126460185,1025.3436427600052,1030.4464069633582,1034.775904064138,1049.717476340148,1058.424372487635,1065.6821055416008,1064.1547796844577,1074.5478475000057,1080.1231531895714,1084.711362373153,1079.4166835748554,1076.0728060620372,1078.4389634049194,1087.4970973499287,1091.9022982447016,1100.1354687573537,1107.297215596203,1118.1477285612507,1128.620940231169,1133.9351453482825,1140.1568702516934,1139.5612257089558,1141.616981542085,1141.008783830069,1142.980370164814,1143.790297713755,1142.3806696549416,1144.0321224807883,1151.6227982694288,1162.743642092242,1167.1396196227404,1168.5420921864109,1175.0190224044063,1178.537506622722,1186.3107493387054,1188.6563005719934,1193.8661651229631,1193.0526735742571,1194.729446982201,1197.2019394255212
395224,94,"Wichita, KS",msa,KS,754.3812767414081,755.2268797541398,755.3280811528256,757.2655196155549,759.4174130138979,763.115199047366,766.0755162388477,768.7235400232688,768.2067853736473,764.5339533214833,764.8896856957646,766.0681714973023,766.5707962376288,768.0759483965472,768.4553524887542,770.1671101143328,765.0831984037272,767.0153261738631,769.2523349640696,773.4128446427014,772.6036654397869,773.4995968870121,775.023669774452,772.8291368378221,771.0228391899435,772.0651702778067,777.733268800617,784.3756845429372,787.6491865322672,789.426667764491,788.2522618271987,788.4922229847951,788.0042720974876,787.0085791522602,782.6848773603666,784.2404357811705,786.4082530699744,789.5706730953791,791.4727510640378,792.4791957283271,796.7942357780814,798.7259531001139,801.336360891452,802.5166138766963,802.7195901902553,804.3306684010497,800.7167173719982,797.550385282386,795.2321260517292,801.0498851396384,807.4989961830904,812.0190543186786,816.1227164443877,819.8599688921965,824.2591594391134,826.4824578550506,828.7311331858155,828.0808540705746,827.6753160912845,826.9094877288055,829.0900048966676,830.6803700981501,834.1183970528829,836.706504128664,842.9619596029395,852.492114715523,860.1729055180513,864.5302663736617,867.2257070699821,868.4574840685846,869.7595205915964,866.9519248470859,867.7093490071017,872.3206653261248,878.9576068288849,891.9996470143614,901.2640694837144,916.10322602678,923.2456855684076,932.3434333892262,935.0434498548371,939.3857320816448,944.262828399438,946.6795894242618,948.0495712315856,953.4546374895208,965.4398644905142,976.6759256622448,981.6776955808256,986.5352856043356,997.7638444284878,1007.0128924175287,1011.8600874054836,1010.8171954180062,1015.216784390788,1017.2046316157488,1023.5552436726916,1028.5377260013772,1037.168278900684,1044.9907802406608,1053.6573058050633,1056.0572444844026,1061.0222493415577,1061.3007770785878,1067.5035132623195,1066.964168262573,1065.081880866035,1070.6774650125117,1075.2148851209915,1083.4108305170023,1085.8103164725542,1092.1755036011068,1098.815640667021,1100.66736737184,1103.9896610911378,1105.834469758717,1109.2955680129403,1107.3634390463883,1107.6038559405808,1105.4116725700776,1110.5958269053986,1112.9761349388248,1119.9885134151166,1122.72793732168,1126.812135050075,1132.1858262779776,1140.8619140686533,1150.5921349637802,1154.094631646186,1156.2706147834797,1152.0599257371064,1151.274491831683,1151.4369636146992,1165.0838585976755,1173.0530754530755
394549,95,"Durham, NC",msa,NC,1016.491277842218,1043.4770162097968,1051.9318933150698,1053.017109419339,1064.7167728166012,1065.5608287208618,1065.442779183319,1061.6130103664375,1056.1927500323748,1056.968364692783,1063.4969813210398,1068.3292442622312,1071.927789702488,1080.1947645007426,1088.1057565217789,1098.5607432581871,1097.892271365031,1104.2708803855078,1103.406789722864,1104.769454400913,1105.73856375487,1112.0911068233254,1118.1705285001394,1121.96150225445,1120.5211684075211,1125.540196886696,1131.845942050007,1142.6801091998486,1149.6675961789106,1156.344127769163,1159.4973882088614,1161.2705531876786,1161.138451055576,1158.735781071629,1154.8169719211191,1156.6051967967871,1164.7841132068868,1174.3429654771028,1183.063217109373,1191.3680341193513,1201.0396209909134,1207.47891435882,1206.8033078871647,1201.756584254327,1199.463793737662,1203.3567795191932,1210.1590192962788,1207.888955027003,1211.987195558172,1217.979923128262,1235.34753314009,1244.9445427429855,1259.2105355628908,1270.1220479547824,1273.9538309629388,1267.2811362365032,1267.8558317953498,1259.7108838750694,1254.9674215603163,1246.2789032723597,1256.0043487788837,1269.6771227301715,1285.017823831895,1284.0239571209256,1291.9494423371002,1289.292893874616,1299.7082839889445,1294.3996501420334,1298.2210238849225,1298.3207751620944,1300.0547897420229,1304.4074426573766,1307.1965662090668,1315.3204984872957,1311.7641551114018,1331.868900589261,1358.7371399122214,1406.2723031390376,1438.3072247593886,1461.399733143101,1483.7193971430188,1488.519399202026,1487.9967078360803,1485.4707664118023,1495.410618286624,1516.7724060394764,1530.5102133494445,1551.9066565846356,1579.987042621687,1610.9554061700835,1636.0897294478814,1638.595648661321,1630.9471914086555,1614.3785168690415,1611.3675669116094,1607.034923864093,1611.424789027443,1619.0133083367732,1627.523912069233,1638.5396966123635,1646.796230993227,1659.1412904605463,1659.581124067122,1651.9836687238044,1635.4963748357852,1633.5876170348602,1629.5710601471517,1632.6542255551258,1632.3859372503264,1644.352789178492,1648.4551033326595,1659.0375224003203,1660.609134948004,1673.5980995812088,1675.825193503784,1674.1227134716569,1663.3720237960044,1646.706549851173,1649.9554786548167,1641.8014698164252,1650.8043725247128,1648.6670103519302,1664.1748939049062,1673.646835585298,1680.340870461867,1691.4894442679629,1689.4351849530906,1682.8507611504692,1674.1436896826551,1669.1257770404595,1673.276623010503,1667.5144763469943,1673.56234212325,1673.949626127881,1684.4096382150058
394352,96,"Augusta, GA",msa,GA,811.3968620146878,814.8985959062372,820.1471364482949,823.3290823330611,831.8020322207057,834.7792741805154,836.5421913071235,836.5174679677015,837.3686194575425,838.0033269114409,837.7266931792022,837.8339179815945,838.7435893176478,845.2794538219389,847.4189579319245,849.2876651357346,848.8368005182643,855.9697624057262,861.6925870177726,863.4266509203151,862.3023653541919,862.6743390152742,859.7838892094962,858.4940933477706,859.8310556014355,866.5415784003743,872.5720116786661,875.0222893770097,879.7757466523233,880.6566377668106,883.4201299597055,884.1428920512295,887.1285700429517,889.94791794104,894.819930293293,896.3797124555323,900.6186273581236,898.1314421316603,904.6724243856956,908.5685424760126,919.682728604188,921.259144504094,920.9579559738742,916.80330817716,918.6655752807704,921.1070378603451,922.00260219709,923.4069584187838,926.9833948763196,935.330405959744,942.5885775923824,949.166710818138,955.8138341555496,960.3940112383724,961.1495385644248,961.645484966834,964.5396051727196,967.2643904970444,968.5056099552692,969.2842403594058,975.3884045957032,978.5237258658326,989.65660283272,996.203689249234,1008.719584759326,1016.1349803707592,1030.595126356072,1043.9476256852197,1054.3582822439394,1058.211496296002,1055.820774527347,1060.465342893462,1066.0258045899768,1072.510394816252,1081.400079691553,1099.7477220218889,1121.6707408477162,1145.4296451452055,1161.4309845848964,1180.7267887645626,1185.7990777444654,1196.344835177513,1198.595594969231,1201.009188020981,1200.277989685657,1216.0618148880658,1234.5139076361636,1248.679681772242,1258.2659096009545,1268.5722246731373,1280.4457961894552,1280.0552508432756,1275.5513114524392,1266.7582436635116,1270.328378597649,1275.5211707911744,1284.2654928497038,1289.851104256621,1301.993523740325,1314.1506553715271,1325.066419666951,1330.0120035922737,1339.9619768102275,1342.579566117421,1346.161004003218,1340.6288208542703,1339.2667210482437,1339.0903618185023,1334.5085336428424,1336.5539793808605,1336.9957639154347,1353.726076499385,1361.0140885080818,1371.016158361079,1371.0191366614451,1374.5939804430736,1379.8935814377303,1388.7104710166602,1396.0806033586828,1400.3537012763836,1405.4456452005245,1417.156618707688,1427.0770496609578,1443.139784328125,1444.8611024915742,1448.1082200221265,1444.7859676219746,1452.209926555478,1450.934675496396,1446.1968002140477,1440.6920587208351,1433.8460897131415,1434.4001152902067,1433.0605160214684,1442.6514676948427
394957,97,"Palm Bay, FL",msa,FL,937.4993036035072,946.7830029668146,954.2507005629776,965.718828511505,973.692499893844,983.9018695860428,990.1604950717976,996.7724193772528,1002.4499609907714,1007.533968194414,1013.7139022641592,1017.6307502551822,1019.8608021384892,1022.0703218812276,1025.1027333668994,1027.6377810566353,1032.1451847246583,1041.0460567890714,1053.3728989752117,1065.629125317502,1072.00992030344,1076.291970005114,1080.5066520372711,1087.3875206258058,1092.2814918704978,1098.7110014026412,1107.598723622843,1117.4548446164652,1125.88399243717,1131.1143946834063,1138.8283406491137,1143.2503129382046,1151.5032208717826,1160.534330263387,1163.6489153873604,1167.7979065061515,1170.036311361604,1177.3911057690318,1183.917085245832,1192.7594163810834,1205.5271334536517,1213.991980085036,1218.57966969292,1225.2716246179416,1229.0427658180524,1238.6209751823562,1239.7825843478606,1243.7894324081462,1241.1044756627673,1242.262418354524,1249.029105000314,1256.774711779798,1266.0946248335551,1267.9019452333816,1271.92304288825,1275.65258460362,1283.1076216194465,1287.6308136889782,1287.0188070590746,1287.963706363447,1290.1212516273215,1298.9958189054862,1301.8516567002573,1303.2253863347282,1299.169074891825,1307.1206363550073,1320.1817980209237,1338.689988082431,1348.9700569101171,1360.3791760871084,1366.7125353431948,1371.641628901284,1377.5107862743564,1391.8847179845973,1407.356172537283,1430.1416262039395,1461.7459378369433,1495.191675221752,1533.8585928311768,1567.7828879571084,1607.585521072245,1628.7314639835008,1646.9350138923292,1655.3547535243893,1668.5803645536153,1676.073766874866,1698.1952219544862,1724.7646204840294,1751.554268942313,1780.5296105633468,1806.4922531970617,1819.0502383725477,1813.7431434094797,1810.0305337497757,1809.8860260662511,1807.254564581706,1806.1891424127512,1807.1161346036124,1823.282801796444,1825.866728699696,1836.2351487162912,1840.137617557838,1845.9884258140623,1848.9792121297528,1840.7737893197384,1830.6024152371344,1819.5651488450933,1811.6635134039084,1820.6558900795017,1828.7184300496551,1839.5592209435908,1840.9757182107944,1844.054781442071,1851.1485663241372,1857.7410667846104,1861.8195895046097,1862.183547390954,1863.1286255283992,1864.8337087810496,1861.109087701666,1857.8754890718908,1860.7243211233936,1864.098053817563,1868.1956467011976,1872.2856110908097,1878.146295914039,1880.9301480961608,1877.039031393716,1878.3377656575476,1878.1829261309636,1873.6502445887704,1873.2353449541924,1878.0345423644187,1886.742869373104,1894.5301951360689
394711,98,"Jackson, MS",msa,MS,,,,,,,,,,,,,,,,,964.1069730192256,970.8724487324424,976.1799771865892,979.4040088854568,976.8964272738996,975.3209603249096,975.5607469181464,979.3470530043768,982.434393970923,983.7350733485796,980.9788159711125,984.627702811547,991.1010489156032,998.0558904794772,997.8831285835748,991.0116588150132,990.350806556378,991.9751083330528,997.4672190851126,996.985001594046,1001.9338106009544,1011.1281204763536,1015.1405925778676,1013.2206144514374,1006.521424586441,1007.9852356771733,1011.2456332000684,1009.2478043736074,1008.1570364892428,1009.5371064502776,1016.262111228849,1023.737981847766,1024.5870005481115,1027.2276332146048,1023.1574632427664,1023.76049513536,1019.8076235668964,1022.3343131337984,1024.3949634431383,1030.4128200432062,1036.520205624827,1046.4920983268316,1053.35834227552,1054.7872968024117,1057.4607811969145,1055.171917299206,1064.7913368609538,1059.8547624287028,1064.3151499289,1057.9897850728614,1057.8857784519284,1070.9661492460286,1079.2811962943283,1090.8467054952384,1088.1372970667364,1087.1841315524168,1083.488539110242,1086.0655322505943,1095.237740607899,1109.5657239917036,1122.0431627477583,1142.7472417228962,1159.3197154299762,1168.9994511053635,1165.7882572319586,1165.7147177892275,1173.2605250986203,1174.2112154855674,1173.9814822983446,1174.709975168206,1185.8282626417504,1198.9371198462525,1210.687389029515,1227.5636857728484,1249.2613730178286,1260.6526416049448,1261.8711610119317,1255.1501243487428,1253.455265998819,1249.3294172728567,1241.0632463852887,1239.7643782092955,1253.0926175084455,1271.4963853031018,1284.98208035165,1288.963274722333,1295.3741573444588,1295.6198618504077,1295.7929157813949,1290.8981599226397,1290.9421950289666,1293.671726460926,1298.2666193739951,1300.0467698584612,1309.3182001215553,1319.5346806345688,1338.166344122522,1345.045435179162,1356.622846130812,1363.1903626024225,1362.5487138655596,1357.3366875270094,1358.9933064121387,1370.0423232018131,1377.093297359431,1382.029106360728,1384.855085679858,1390.8360930577285,1394.5448677027464,1397.6376972376024,1410.57900971402,1421.6581465084737,1422.42221631781,1419.0528062528435,1418.0511133101077,1430.4404840520522,1438.2323733103997,1441.3957289852249,1440.2537343620454
394666,99,"Harrisburg, PA",msa,PA,853.623186756438,859.0309343499155,865.4581445644516,873.606593927337,873.8068317093278,867.4574414214901,864.298814786621,863.5575662777857,870.5882708817245,870.0876818717111,874.7686575938449,874.3407105039524,880.0106354010908,879.7082136319306,878.6469920547025,884.4433276523783,887.767091969178,896.7676246582766,895.1107096437452,894.741770706613,895.8327355332605,895.8014675446411,896.7211770464078,891.6595001269818,894.6140323788293,897.636855149786,907.5146733762834,913.6989045063592,916.8800988822842,919.9895027065746,917.3133304176188,918.2492476553492,911.947676373608,914.9959967490828,918.453063471133,920.742378935336,923.7446748368168,922.9023442911084,930.8471699566088,939.667963503939,948.5053353851011,952.0409460155578,951.8630469895844,953.9800552601416,952.857064766278,958.088744170189,963.5361123891856,970.6659304392105,972.91108661903,970.5267293005112,976.6180539806294,978.2335787438212,987.0611692101946,991.1537265674212,995.0104130052396,996.60156900128,997.4352058293985,995.8979921334004,991.5721184808268,988.8783905539798,1000.085617711502,1010.0992130699713,1021.10067632508,1020.2920356449112,1023.7271006457536,1032.9262460374948,1042.8037349778283,1052.5598684010945,1049.076181683008,1055.9101561300183,1060.528671342856,1072.960829760802,1075.8223507078412,1079.9698335980688,1085.8501152542476,1097.299501121865,1115.1393026243268,1136.1666569925271,1154.222832665351,1173.9381316337974,1185.543402961115,1194.5686484844846,1199.1417981680152,1208.3252921164192,1212.7246517871952,1215.7783232800532,1224.0201557477903,1243.6420017282676,1260.1448170360673,1267.0708710303093,1271.037898321106,1276.9369733634212,1279.1481848414578,1278.1700283931364,1274.359716129466,1270.474176183577,1271.3028548813538,1278.048971480271,1297.7301795425558,1309.36202601551,1321.589658245657,1322.7140342001828,1332.0700082466674,1337.740047905458,1341.4353636073918,1338.413981135522,1332.2584317054489,1334.8251862939417,1329.8565728299566,1334.0492793531605,1335.6606218036593,1350.088736017657,1359.2384973704625,1366.1187703766557,1369.9756740006724,1374.4897126813128,1378.4496453676186,1380.254562872398,1378.4927366564598,1385.1753880676115,1387.9657250501257,1396.978962046336,1400.8093620467769,1408.6440850118288,1409.8325966408793,1413.0240918543204,1418.60828456651,1432.2095769204257,1441.7259225105247,1442.2985118610395,1437.9829651763732,1430.164022721499,1430.8848243941598,1433.4929311198568,1445.832280911996
395113,100,"Spokane, WA",msa,WA,739.5233569368361,749.2058163733486,756.1721340652639,761.4393639058584,761.412397815871,765.9303605089518,767.3875823530504,775.1056419180552,772.8771463035336,772.8230721213613,773.2596722620533,777.1522599173355,783.0123730393161,791.2268482218052,796.2757885594802,802.2971505692991,806.0794905534897,818.3508140420676,825.6056619896008,830.198236658488,828.0896364590006,833.3110687266907,831.8404463599369,836.8276237464173,839.3857063303483,855.721628564819,860.7219262363918,866.097843944547,871.7227632196325,885.5663180384083,895.4362869856177,898.3361326580596,897.3455165253444,899.1966962581631,896.1904292716393,895.5301339508319,894.5284160783149,920.1024463031666,938.6386732354694,956.3598602450198,956.0423659946224,967.8424592709129,974.5407666523224,976.3279750298524,970.7217002085612,970.0190467324431,971.7915639793224,972.7457687155612,981.6249361459982,987.4288334615954,999.243955109234,1004.4764963075328,1016.14563932252,1027.735056262891,1040.062056469888,1037.2323582481963,1040.3891539193762,1036.5797214727313,1038.2488198328992,1027.3951728482446,1029.437180590557,1039.526160357499,1061.4820403364076,1070.1063111022688,1077.8553303568133,1082.1156690376124,1099.0265107942696,1113.9693537682726,1124.485192849539,1126.1674315499297,1120.0222510718709,1122.3712039758336,1134.2051097403098,1160.7346454361784,1182.1072820364868,1224.8580777617128,1275.016501648689,1334.232414258799,1370.5977078200383,1385.6758465602668,1385.0206016109591,1369.7598313382891,1354.1541287416096,1345.1562429520957,1347.8918389052503,1362.1469035968523,1382.6667133883866,1410.721200734299,1435.7074480329406,1451.180364727752,1455.160041624075,1457.7037933929537,1455.064055004285,1445.585196151799,1430.2466590972874,1418.4020745763848,1414.1726402489476,1414.0235974128464,1423.75047147954,1433.7283104555136,1448.0233265450397,1448.4057098608805,1455.28842351326,1452.2007987992183,1451.9479696364408,1448.2454663531505,1437.146829836729,1436.1095830222932,1430.2147314731485,1442.2704403992932,1452.2920844601629,1460.3518201666686,1468.6635455959463,1478.224300507581,1487.3974895623485,1488.3527753340034,1480.2276644607327,1478.048809289268,1468.8061606844456,1465.5947088092164,1462.995204975921,1475.6186953196368,1491.2035975380538,1504.7646299149544,1512.486073528641,1511.6501753200273,1511.8151393999533,1509.0730504660262,1511.8209395977708,1508.1248477542308,1504.575360273026,1502.2551982625064,1503.6885460106912,1509.8017862878112,1520.2836228925346
